image_path,labels,split
car/scene_7_Harbour_30Sec_groundView_7_000167_b0_a235659.jpg,0,train
car/scene_11_sdu_30Sec_droneView_4_000208_b14_a233534.jpg,0,train
car/scene_11_sdu_30Sec_groundView_4_000105_b3_a278469.jpg,0,train
car/scene_11_sdu_30Sec_groundView_4_000790_b15_a216188.jpg,0,train
car/scene_12_sdu_30Sec_droneView_6_000321_b5_a259418.jpg,0,train
car/scene_7_Harbour_30Sec_droneView_7_000583_b3_a306842.jpg,0,train
car/scene_6_Harbour_30Sec_droneView_6_000405_b0_a805672.jpg,0,train
car/scene_2_Crossroad_campus_30Sec_droneView_01_000375_b47_a333735.jpg,0,train
car/scene_5_Harbour_30Sec_groundView_5_000824_b5_a232473.jpg,0,train
car/scene_5_Harbour_30Sec_droneView_5_000729_b5_a7574.jpg,0,train
car/scene_2_Crossroad_campus_30Sec_droneView_01_000524_b20_a360217.jpg,0,train
car/scene_2_Crossroad_campus_30Sec_droneView_01_000524_b10_a360207.jpg,0,train
car/scene_3_East_of_Campus_drone_000228_b25_a454832.jpg,0,train
car/scene_11_sdu_30Sec_groundView_4_000810_b1_a216947.jpg,0,train
car/scene_5_Harbour_30Sec_groundView_5_000312_b0_a47127.jpg,0,train
car/scene_5_Harbour_30Sec_groundView_5_000122_b2_a43425.jpg,0,train
car/scene_10_sdu_30Sec_droneView_3_000412_b41_a581328.jpg,0,train
car/scene_1_Cortex_Park_crossroads_ground_000631_b5_a180604.jpg,0,train
car/scene_8_sdu_30Sec_droneView_1_000294_b0_a515308.jpg,0,train
car/scene_11_sdu_30Sec_droneView_4_000246_b27_a239411.jpg,0,train
car/scene_3_East_of_Campus_drone_000580_b14_a503279.jpg,0,train
car/scene_1_Cortex_Park_crossroads_drone_000083_b4_a118464.jpg,0,train
car/scene_1_Cortex_Park_crossroads_drone_000050_b5_a115952.jpg,0,train
car/scene_3_East_of_Campus_ground_000777_b3_a246744.jpg,0,train
car/scene_10_sdu_30Sec_groundView_3_000332_b8_a139244.jpg,0,train
car/scene_11_sdu_30Sec_droneView_4_000863_b7_a792417.jpg,0,train
car/scene_7_Harbour_30Sec_groundView_7_000669_b1_a57111.jpg,0,train
car/scene_3_East_of_Campus_drone_000341_b10_a470126.jpg,0,train
car/scene_11_sdu_30Sec_droneView_4_000656_b11_a761244.jpg,0,train
car/scene_11_sdu_30Sec_droneView_4_000123_b23_a147956.jpg,0,train
car/scene_11_sdu_30Sec_droneView_4_000884_b1_a795582.jpg,0,train
car/scene_11_sdu_30Sec_droneView_4_000656_b14_a761247.jpg,0,train
car/scene_11_sdu_30Sec_groundView_4_000211_b6_a25445.jpg,0,train
car/scene_1_Cortex_Park_crossroads_drone_000541_b5_a673077.jpg,0,train
car/scene_10_sdu_30Sec_groundView_3_000577_b24_a149984.jpg,0,train
car/scene_11_sdu_30Sec_droneView_4_000280_b1_a704894.jpg,0,train
car/scene_10_sdu_30Sec_droneView_3_000369_b10_a573643.jpg,0,train
car/scene_11_sdu_30Sec_groundView_4_000094_b15_a278053.jpg,0,train
car/scene_5_Harbour_30Sec_groundView_5_000030_b4_a41762.jpg,0,train
car/scene_2_Crossroad_campus_30Sec_droneView_01_000594_b7_a371921.jpg,0,train
car/scene_11_sdu_30Sec_droneView_4_000109_b20_a145759.jpg,0,train
car/scene_10_sdu_30Sec_groundView_3_000058_b17_a258429.jpg,0,train
car/scene_11_sdu_30Sec_groundView_4_000094_b8_a278046.jpg,0,train
car/scene_12_sdu_30Sec_droneView_6_000419_b1_a263429.jpg,0,train
car/scene_11_sdu_30Sec_groundView_4_000228_b4_a26081.jpg,0,train
car/scene_5_Harbour_30Sec_groundView_5_000640_b0_a1620.jpg,0,train
car/scene_5_Harbour_30Sec_droneView_5_000767_b1_a9128.jpg,0,train
car/scene_1_Cortex_Park_crossroads_drone_000594_b6_a677041.jpg,0,train
car/scene_11_sdu_30Sec_droneView_4_000592_b27_a751691.jpg,0,train
car/scene_7_Harbour_30Sec_droneView_7_000373_b0_a301489.jpg,0,train
car/scene_2_Crossroad_campus_30Sec_groundView_01_000199_b0_a5038.jpg,0,train
car/scene_10_sdu_30Sec_droneView_3_000214_b5_a545949.jpg,0,train
car/scene_10_sdu_30Sec_droneView_3_000689_b12_a630316.jpg,0,train
car/scene_5_Harbour_30Sec_droneView_5_000657_b8_a167464.jpg,0,train
car/scene_4_Harbour_30Sec_droneView_1_000104_b5_a125995.jpg,0,train
car/scene_12_sdu_30Sec_droneView_6_000283_b1_a257853.jpg,0,train
car/scene_5_Harbour_30Sec_droneView_5_000216_b6_a281507.jpg,0,train
car/scene_10_sdu_30Sec_groundView_3_000802_b0_a16160.jpg,0,train
car/scene_3_East_of_Campus_drone_000317_b13_a466840.jpg,0,train
car/scene_10_sdu_30Sec_droneView_3_000125_b10_a103584.jpg,0,train
car/scene_10_sdu_30Sec_groundView_3_000316_b4_a138548.jpg,0,train
car/scene_11_sdu_30Sec_groundView_4_000228_b0_a26077.jpg,0,train
car/scene_10_sdu_30Sec_groundView_3_000577_b11_a149971.jpg,0,train
car/scene_10_sdu_30Sec_droneView_3_000228_b0_a548450.jpg,0,train
car/scene_11_sdu_30Sec_droneView_4_000545_b31_a744645.jpg,0,train
car/scene_11_sdu_30Sec_groundView_4_000877_b6_a219501.jpg,0,train
car/scene_11_sdu_30Sec_droneView_4_000803_b9_a783359.jpg,0,train
car/scene_1_Cortex_Park_crossroads_ground_000883_b6_a22397.jpg,0,train
car/scene_3_East_of_Campus_drone_000485_b6_a489964.jpg,0,train
car/scene_3_East_of_Campus_drone_000338_b32_a469744.jpg,0,train
car/scene_3_East_of_Campus_drone_000228_b9_a454816.jpg,0,train
car/scene_11_sdu_30Sec_droneView_4_000810_b14_a784421.jpg,0,train
car/scene_11_sdu_30Sec_droneView_4_000602_b1_a753165.jpg,0,train
car/scene_2_Crossroad_campus_30Sec_groundView_01_000808_b2_a88305.jpg,0,train
car/scene_2_Crossroad_campus_30Sec_droneView_01_000880_b20_a419729.jpg,0,train
car/scene_11_sdu_30Sec_droneView_4_000750_b10_a775357.jpg,0,train
car/scene_6_Harbour_30Sec_groundView_6_000005_b0_a281559.jpg,0,train
car/scene_10_sdu_30Sec_droneView_3_000316_b12_a564177.jpg,0,train
car/scene_5_Harbour_30Sec_droneView_5_000568_b2_a296298.jpg,0,train
car/scene_10_sdu_30Sec_droneView_3_000808_b11_a209923.jpg,0,train
car/scene_12_sdu_30Sec_droneView_6_000480_b1_a266026.jpg,0,train
car/scene_11_sdu_30Sec_groundView_4_000539_b18_a206533.jpg,0,train
car/scene_11_sdu_30Sec_groundView_4_000358_b18_a199673.jpg,0,train
car/scene_11_sdu_30Sec_droneView_4_000733_b5_a772785.jpg,0,train
car/scene_2_Crossroad_campus_30Sec_droneView_01_000199_b64_a175929.jpg,0,train
car/scene_7_Harbour_30Sec_droneView_7_000086_b1_a16817.jpg,0,train
car/scene_4_Harbour_30Sec_droneView_1_000116_b1_a126214.jpg,0,train
car/scene_5_Harbour_30Sec_droneView_5_000662_b7_a167668.jpg,0,train
car/scene_10_sdu_30Sec_groundView_3_000645_b5_a152892.jpg,0,train
car/scene_8_sdu_30Sec_groundView_1_000098_b2_a254213.jpg,0,train
car/scene_10_sdu_30Sec_droneView_3_000260_b6_a554162.jpg,0,train
car/scene_2_Crossroad_campus_30Sec_droneView_01_000879_b14_a419558.jpg,0,train
car/scene_10_sdu_30Sec_droneView_3_000689_b7_a630311.jpg,0,train
car/scene_3_East_of_Campus_drone_000341_b17_a470133.jpg,0,train
car/scene_3_East_of_Campus_drone_000084_b13_a434924.jpg,0,train
car/scene_2_Crossroad_campus_30Sec_droneView_01_000587_b42_a370780.jpg,0,train
car/scene_11_sdu_30Sec_droneView_4_000327_b8_a712056.jpg,0,train
car/scene_10_sdu_30Sec_droneView_3_000429_b1_a584299.jpg,0,train
car/scene_11_sdu_30Sec_droneView_4_000398_b0_a722710.jpg,0,train
car/scene_10_sdu_30Sec_groundView_3_000316_b19_a138563.jpg,0,train
car/scene_10_sdu_30Sec_droneView_3_000026_b5_a85857.jpg,0,train
car/scene_11_sdu_30Sec_droneView_4_000448_b23_a730183.jpg,0,train
car/scene_10_sdu_30Sec_droneView_3_000284_b11_a558448.jpg,0,train
car/scene_10_sdu_30Sec_groundView_3_000260_b2_a136124.jpg,0,train
car/scene_11_sdu_30Sec_droneView_4_000200_b23_a232311.jpg,0,train
car/scene_2_Crossroad_campus_30Sec_droneView_01_000428_b25_a343440.jpg,0,train
car/scene_10_sdu_30Sec_droneView_3_000184_b36_a540610.jpg,0,train
car/scene_3_East_of_Campus_drone_000329_b9_a468481.jpg,0,train
car/scene_2_Crossroad_campus_30Sec_droneView_01_000410_b22_a340142.jpg,0,train
car/scene_2_Crossroad_campus_30Sec_droneView_01_000808_b40_a407716.jpg,0,train
car/scene_11_sdu_30Sec_droneView_4_000448_b9_a730169.jpg,0,train
car/scene_10_sdu_30Sec_droneView_3_000549_b5_a605543.jpg,0,train
car/scene_10_sdu_30Sec_groundView_3_000678_b24_a154342.jpg,0,train
car/scene_10_sdu_30Sec_droneView_3_000549_b1_a605539.jpg,0,train
car/scene_11_sdu_30Sec_droneView_4_000566_b18_a747782.jpg,0,train
car/scene_2_Crossroad_campus_30Sec_droneView_01_000725_b46_a393806.jpg,0,train
car/scene_11_sdu_30Sec_droneView_4_000200_b19_a232307.jpg,0,train
car/scene_5_Harbour_30Sec_groundView_5_000190_b5_a44865.jpg,0,train
car/scene_3_East_of_Campus_drone_000084_b30_a434958.jpg,0,train
car/scene_3_East_of_Campus_ground_000338_b4_a106549.jpg,0,train
car/scene_11_sdu_30Sec_droneView_4_000208_b9_a233529.jpg,0,train
car/scene_11_sdu_30Sec_groundView_4_000052_b16_a276398.jpg,0,train
car/scene_10_sdu_30Sec_groundView_3_000316_b6_a138550.jpg,0,train
car/scene_7_Harbour_30Sec_droneView_7_000417_b0_a302617.jpg,0,train
car/scene_11_sdu_30Sec_droneView_4_000733_b18_a772798.jpg,0,train
car/scene_10_sdu_30Sec_droneView_3_000762_b12_a643111.jpg,0,train
car/scene_2_Crossroad_campus_30Sec_droneView_01_000726_b70_a394025.jpg,0,train
car/scene_3_East_of_Campus_drone_000312_b27_a466169.jpg,0,train
car/scene_10_sdu_30Sec_groundView_3_000316_b8_a138552.jpg,0,train
car/scene_2_Crossroad_campus_30Sec_droneView_01_000587_b16_a370754.jpg,0,train
car/scene_12_sdu_30Sec_droneView_6_000824_b4_a163519.jpg,0,train
car/scene_12_sdu_30Sec_droneView_6_000123_b8_a251271.jpg,0,train
car/scene_10_sdu_30Sec_droneView_3_000031_b39_a86787.jpg,0,train
car/scene_10_sdu_30Sec_groundView_3_000514_b5_a147212.jpg,0,train
car/scene_2_Crossroad_campus_30Sec_droneView_01_000873_b3_a418552.jpg,0,train
car/scene_1_Cortex_Park_crossroads_drone_000685_b7_a684047.jpg,0,train
car/scene_8_sdu_30Sec_groundView_1_000477_b2_a125574.jpg,0,train
car/scene_6_Harbour_30Sec_droneView_6_000304_b3_a802350.jpg,0,train
car/scene_10_sdu_30Sec_droneView_3_000762_b8_a643107.jpg,0,train
car/scene_8_sdu_30Sec_droneView_1_000275_b0_a514465.jpg,0,train
car/scene_7_Harbour_30Sec_droneView_7_000266_b5_a172360.jpg,0,train
car/scene_10_sdu_30Sec_droneView_3_000354_b40_a571003.jpg,0,train
car/scene_4_Harbour_30Sec_droneView_1_000605_b0_a699174.jpg,0,train
car/scene_2_Crossroad_campus_30Sec_droneView_01_000500_b48_a356251.jpg,0,train
car/scene_11_sdu_30Sec_droneView_4_000008_b7_a130152.jpg,0,train
car/scene_5_Harbour_30Sec_droneView_5_000459_b6_a291905.jpg,0,train
car/scene_12_sdu_30Sec_droneView_6_000287_b4_a258020.jpg,0,train
car/scene_2_Crossroad_campus_30Sec_groundView_01_000604_b3_a77492.jpg,0,train
car/scene_11_sdu_30Sec_droneView_4_000490_b27_a736445.jpg,0,train
car/scene_2_Crossroad_campus_30Sec_droneView_01_000873_b29_a418578.jpg,0,train
car/scene_3_East_of_Campus_drone_000297_b10_a464131.jpg,0,train
car/scene_10_sdu_30Sec_droneView_3_000195_b3_a542546.jpg,0,train
car/scene_10_sdu_30Sec_droneView_3_000677_b39_a628233.jpg,0,train
car/scene_11_sdu_30Sec_groundView_4_000523_b17_a205908.jpg,0,train
car/scene_2_Crossroad_campus_30Sec_droneView_01_000735_b3_a395423.jpg,0,train
car/scene_10_sdu_30Sec_droneView_3_000762_b5_a643104.jpg,0,train
car/scene_3_East_of_Campus_drone_000381_b25_a475630.jpg,0,train
car/scene_11_sdu_30Sec_droneView_4_000258_b30_a241246.jpg,0,train
car/scene_10_sdu_30Sec_droneView_3_000030_b4_a86573.jpg,0,train
car/scene_12_sdu_30Sec_droneView_6_000680_b2_a2003.jpg,0,train
car/scene_11_sdu_30Sec_droneView_4_000656_b31_a761264.jpg,0,train
car/scene_2_Crossroad_campus_30Sec_groundView_01_000304_b5_a61470.jpg,0,train
car/scene_10_sdu_30Sec_droneView_3_000806_b2_a209566.jpg,0,train
car/scene_2_Crossroad_campus_30Sec_groundView_01_000007_b1_a236117.jpg,0,train
car/scene_11_sdu_30Sec_droneView_4_000211_b8_a233993.jpg,0,train
car/scene_2_Crossroad_campus_30Sec_droneView_01_000623_b49_a376812.jpg,0,train
car/scene_2_Crossroad_campus_30Sec_droneView_01_000590_b3_a371245.jpg,0,train
car/scene_11_sdu_30Sec_droneView_4_000280_b8_a704901.jpg,0,train
car/scene_3_East_of_Campus_drone_000739_b11_a51702.jpg,0,train
car/scene_3_East_of_Campus_drone_000187_b5_a449215.jpg,0,train
car/scene_11_sdu_30Sec_droneView_4_000252_b1_a240305.jpg,0,train
car/scene_10_sdu_30Sec_groundView_3_000058_b2_a258414.jpg,0,train
car/scene_1_Cortex_Park_crossroads_ground_000341_b0_a166367.jpg,0,train
car/scene_6_Harbour_30Sec_groundView_6_000100_b0_a282672.jpg,0,train
car/scene_10_sdu_30Sec_groundView_3_000298_b2_a137761.jpg,0,train
car/scene_5_Harbour_30Sec_groundView_5_000186_b6_a44780.jpg,0,train
car/scene_11_sdu_30Sec_droneView_4_000248_b11_a239703.jpg,0,train
car/scene_3_East_of_Campus_ground_000312_b5_a105432.jpg,0,train
car/scene_2_Crossroad_campus_30Sec_droneView_01_000419_b78_a341891.jpg,0,train
car/scene_12_sdu_30Sec_droneView_6_000824_b7_a163523.jpg,0,train
car/scene_11_sdu_30Sec_droneView_4_000750_b17_a775364.jpg,0,train
car/scene_11_sdu_30Sec_droneView_4_000803_b24_a783374.jpg,0,train
car/scene_11_sdu_30Sec_droneView_4_000077_b20_a140788.jpg,0,train
car/scene_2_Crossroad_campus_30Sec_droneView_01_000634_b19_a378619.jpg,0,train
car/scene_10_sdu_30Sec_groundView_3_000228_b0_a134728.jpg,0,train
car/scene_12_sdu_30Sec_droneView_6_000236_b7_a255935.jpg,0,train
car/scene_11_sdu_30Sec_groundView_4_000600_b9_a208859.jpg,0,train
car/scene_2_Crossroad_campus_30Sec_droneView_01_000327_b19_a325019.jpg,0,train
car/scene_10_sdu_30Sec_groundView_3_000290_b23_a137435.jpg,0,train
car/scene_11_sdu_30Sec_groundView_4_000200_b8_a25019.jpg,0,train
car/scene_10_sdu_30Sec_droneView_3_000615_b22_a617242.jpg,0,train
car/scene_2_Crossroad_campus_30Sec_droneView_01_000132_b52_a40741.jpg,0,train
car/scene_4_Harbour_30Sec_droneView_1_000262_b0_a128798.jpg,0,train
car/scene_10_sdu_30Sec_groundView_3_000762_b21_a158020.jpg,0,train
car/scene_3_East_of_Campus_ground_000739_b1_a245026.jpg,0,train
car/scene_6_Harbour_30Sec_droneView_6_000887_b2_a245622.jpg,0,train
car/scene_4_Harbour_30Sec_droneView_1_000423_b2_a696465.jpg,0,train
car/scene_11_sdu_30Sec_droneView_4_000276_b30_a704315.jpg,0,train
car/scene_2_Crossroad_campus_30Sec_droneView_01_000880_b53_a419777.jpg,0,train
car/scene_4_Harbour_30Sec_droneView_1_000444_b1_a696800.jpg,0,train
car/scene_2_Crossroad_campus_30Sec_droneView_01_000583_b55_a370133.jpg,0,train
car/scene_2_Crossroad_campus_30Sec_droneView_01_000132_b66_a40790.jpg,0,train
car/scene_2_Crossroad_campus_30Sec_droneView_01_000634_b21_a378621.jpg,0,train
car/scene_11_sdu_30Sec_droneView_4_000614_b4_a754968.jpg,0,train
car/scene_10_sdu_30Sec_droneView_3_000077_b40_a95022.jpg,0,train
car/scene_10_sdu_30Sec_groundView_3_000354_b0_a140196.jpg,0,train
car/scene_11_sdu_30Sec_droneView_4_000544_b5_a744469.jpg,0,train
car/scene_1_Cortex_Park_crossroads_drone_000438_b7_a665286.jpg,0,train
car/scene_11_sdu_30Sec_droneView_4_000368_b1_a718241.jpg,0,train
car/scene_11_sdu_30Sec_groundView_4_000208_b9_a25332.jpg,0,train
car/scene_3_East_of_Campus_drone_000165_b13_a446218.jpg,0,train
car/scene_8_sdu_30Sec_groundView_1_000708_b2_a130120.jpg,0,train
car/scene_11_sdu_30Sec_groundView_4_000401_b16_a201305.jpg,0,train
car/scene_10_sdu_30Sec_droneView_3_000369_b2_a573635.jpg,0,train
car/scene_11_sdu_30Sec_droneView_4_000371_b2_a718689.jpg,0,train
car/scene_3_East_of_Campus_drone_000201_b1_a451095.jpg,0,train
car/scene_7_Harbour_30Sec_droneView_7_000041_b0_a15646.jpg,0,train
car/scene_2_Crossroad_campus_30Sec_droneView_01_000185_b37_a173390.jpg,0,train
car/scene_10_sdu_30Sec_droneView_3_000100_b6_a99105.jpg,0,train
car/scene_10_sdu_30Sec_droneView_3_000260_b33_a554189.jpg,0,train
car/scene_10_sdu_30Sec_droneView_3_000429_b36_a584334.jpg,0,train
car/scene_11_sdu_30Sec_droneView_4_000545_b27_a744641.jpg,0,train
car/scene_11_sdu_30Sec_droneView_4_000401_b17_a723174.jpg,0,train
car/scene_7_Harbour_30Sec_droneView_7_000596_b0_a307171.jpg,0,train
car/scene_3_East_of_Campus_drone_000025_b12_a426579.jpg,0,train
car/scene_3_East_of_Campus_drone_000341_b13_a470129.jpg,0,train
car/scene_6_Harbour_30Sec_droneView_6_000753_b0_a817197.jpg,0,train
car/scene_1_Cortex_Park_crossroads_drone_000280_b0_a653767.jpg,0,train
car/scene_8_sdu_30Sec_droneView_1_000632_b0_a529825.jpg,0,train
car/scene_2_Crossroad_campus_30Sec_droneView_01_000375_b25_a333713.jpg,0,train
car/scene_10_sdu_30Sec_groundView_3_000316_b24_a138568.jpg,0,train
car/scene_3_East_of_Campus_drone_000025_b26_a426610.jpg,0,train
car/scene_10_sdu_30Sec_groundView_3_000689_b24_a154825.jpg,0,train
car/scene_11_sdu_30Sec_droneView_4_000755_b22_a776124.jpg,0,train
car/scene_12_sdu_30Sec_droneView_6_000123_b1_a251260.jpg,0,train
car/scene_1_Cortex_Park_crossroads_drone_000774_b10_a691096.jpg,0,train
car/scene_12_sdu_30Sec_droneView_6_000674_b6_a1768.jpg,0,train
car/scene_2_Crossroad_campus_30Sec_droneView_01_000500_b42_a356245.jpg,0,train
car/scene_10_sdu_30Sec_groundView_3_000577_b17_a149977.jpg,0,train
car/scene_2_Crossroad_campus_30Sec_droneView_01_000431_b21_a343985.jpg,0,train
car/scene_10_sdu_30Sec_droneView_3_000077_b34_a95016.jpg,0,train
car/scene_10_sdu_30Sec_groundView_3_000290_b4_a137416.jpg,0,train
car/scene_10_sdu_30Sec_droneView_3_000026_b43_a85895.jpg,0,train
car/scene_1_Cortex_Park_crossroads_ground_000594_b6_a178724.jpg,0,train
car/scene_2_Crossroad_campus_30Sec_droneView_01_000332_b50_a325955.jpg,0,train
car/scene_11_sdu_30Sec_droneView_4_000877_b14_a794538.jpg,0,train
car/scene_10_sdu_30Sec_groundView_3_000833_b8_a17501.jpg,0,train
car/scene_2_Crossroad_campus_30Sec_groundView_01_000225_b3_a6342.jpg,0,train
car/scene_8_sdu_30Sec_groundView_1_000133_b1_a254912.jpg,0,train
car/scene_12_sdu_30Sec_droneView_6_000423_b6_a263602.jpg,0,train
car/scene_4_Harbour_30Sec_groundView_1_000357_b0_a190756.jpg,0,train
car/scene_11_sdu_30Sec_droneView_4_000777_b30_a779454.jpg,0,train
car/scene_10_sdu_30Sec_groundView_3_000543_b2_a148466.jpg,0,train
car/scene_11_sdu_30Sec_droneView_4_000280_b11_a704904.jpg,0,train
car/scene_11_sdu_30Sec_droneView_4_000877_b7_a794531.jpg,0,train
car/scene_2_Crossroad_campus_30Sec_groundView_01_000604_b2_a77491.jpg,0,train
car/scene_10_sdu_30Sec_groundView_3_000699_b0_a155234.jpg,0,train
car/scene_11_sdu_30Sec_groundView_4_000448_b15_a203084.jpg,0,train
car/scene_12_sdu_30Sec_droneView_6_000040_b3_a247748.jpg,0,train
car/scene_2_Crossroad_campus_30Sec_droneView_01_000428_b10_a343425.jpg,0,train
car/scene_8_sdu_30Sec_groundView_1_000357_b2_a123294.jpg,0,train
car/scene_12_sdu_30Sec_droneView_6_000130_b8_a251572.jpg,0,train
car/scene_11_sdu_30Sec_groundView_4_000276_b3_a196472.jpg,0,train
car/scene_10_sdu_30Sec_groundView_3_000353_b24_a140176.jpg,0,train
car/scene_2_Crossroad_campus_30Sec_droneView_01_000634_b71_a378704.jpg,0,train
car/scene_2_Crossroad_campus_30Sec_droneView_01_000185_b35_a173388.jpg,0,train
car/scene_10_sdu_30Sec_droneView_3_000125_b7_a103581.jpg,0,train
car/scene_10_sdu_30Sec_groundView_3_000677_b19_a154293.jpg,0,train
car/scene_11_sdu_30Sec_droneView_4_000602_b0_a753164.jpg,0,train
car/scene_11_sdu_30Sec_groundView_4_000643_b1_a210506.jpg,0,train
car/scene_2_Crossroad_campus_30Sec_droneView_01_000225_b57_a180538.jpg,0,train
car/scene_10_sdu_30Sec_droneView_3_000058_b3_a91584.jpg,0,train
car/scene_10_sdu_30Sec_groundView_3_000514_b11_a147218.jpg,0,train
car/scene_2_Crossroad_campus_30Sec_droneView_01_000725_b49_a393809.jpg,0,train
car/scene_11_sdu_30Sec_groundView_4_000733_b15_a214004.jpg,0,train
car/scene_8_sdu_30Sec_groundView_1_000320_b1_a122580.jpg,0,train
car/scene_2_Crossroad_campus_30Sec_droneView_01_000500_b4_a356207.jpg,0,train
car/scene_3_East_of_Campus_drone_000186_b19_a449095.jpg,0,train
car/scene_3_East_of_Campus_drone_000084_b7_a434918.jpg,0,train
car/scene_3_East_of_Campus_drone_000165_b17_a446222.jpg,0,train
car/scene_1_Cortex_Park_crossroads_drone_000069_b0_a117405.jpg,0,train
car/scene_2_Crossroad_campus_30Sec_droneView_01_000498_b58_a355941.jpg,0,train
car/scene_11_sdu_30Sec_droneView_4_000123_b2_a147935.jpg,0,train
car/scene_11_sdu_30Sec_droneView_4_000280_b19_a704912.jpg,0,train
car/scene_2_Crossroad_campus_30Sec_groundView_01_000735_b1_a84463.jpg,0,train
car/scene_5_Harbour_30Sec_droneView_5_000255_b6_a283262.jpg,0,train
car/scene_10_sdu_30Sec_groundView_3_000340_b24_a139609.jpg,0,train
car/scene_10_sdu_30Sec_droneView_3_000847_b35_a216733.jpg,0,train
car/scene_11_sdu_30Sec_droneView_4_000258_b1_a241217.jpg,0,train
car/scene_2_Crossroad_campus_30Sec_groundView_01_000327_b3_a62660.jpg,0,train
car/scene_3_East_of_Campus_drone_000777_b19_a56779.jpg,0,train
car/scene_8_sdu_30Sec_groundView_1_000327_b5_a122724.jpg,0,train
car/scene_10_sdu_30Sec_droneView_3_000543_b8_a604484.jpg,0,train
car/scene_10_sdu_30Sec_groundView_3_000138_b8_a261895.jpg,0,train
car/scene_2_Crossroad_campus_30Sec_droneView_01_000879_b46_a419590.jpg,0,train
car/scene_11_sdu_30Sec_droneView_4_000293_b23_a706892.jpg,0,train
car/scene_3_East_of_Campus_drone_000850_b28_a66537.jpg,0,train
car/scene_6_Harbour_30Sec_droneView_6_000024_b0_a157716.jpg,0,train
car/scene_10_sdu_30Sec_droneView_3_000720_b34_a635783.jpg,0,train
car/scene_11_sdu_30Sec_droneView_4_000077_b7_a140775.jpg,0,train
car/scene_2_Crossroad_campus_30Sec_droneView_01_000431_b25_a343989.jpg,0,train
car/scene_1_Cortex_Park_crossroads_drone_000581_b0_a676056.jpg,0,train
car/scene_6_Harbour_30Sec_droneView_6_000810_b0_a243035.jpg,0,train
car/scene_2_Crossroad_campus_30Sec_droneView_01_000225_b39_a180504.jpg,0,train
car/scene_8_sdu_30Sec_droneView_1_000320_b1_a516427.jpg,0,train
car/scene_11_sdu_30Sec_droneView_4_000545_b42_a744658.jpg,0,train
car/scene_5_Harbour_30Sec_droneView_5_000703_b0_a169342.jpg,0,train
car/scene_11_sdu_30Sec_droneView_4_000128_b0_a148718.jpg,0,train
car/scene_3_East_of_Campus_drone_000252_b9_a458095.jpg,0,train
car/scene_5_Harbour_30Sec_droneView_5_000726_b45_a20439.jpg,0,train
car/scene_1_Cortex_Park_crossroads_ground_000057_b2_a266139.jpg,0,train
car/scene_2_Crossroad_campus_30Sec_groundView_01_000477_b3_a70636.jpg,0,train
car/scene_10_sdu_30Sec_droneView_3_000833_b41_a214303.jpg,0,train
car/scene_10_sdu_30Sec_droneView_3_000641_b13_a621835.jpg,0,train
car/scene_8_sdu_30Sec_groundView_1_000499_b1_a125991.jpg,0,train
car/scene_3_East_of_Campus_ground_000485_b5_a112953.jpg,0,train
car/scene_10_sdu_30Sec_droneView_3_000284_b1_a558438.jpg,0,train
car/scene_10_sdu_30Sec_droneView_3_000577_b32_a610526.jpg,0,train
car/scene_5_Harbour_30Sec_groundView_5_000375_b1_a48229.jpg,0,train
car/scene_10_sdu_30Sec_droneView_3_000833_b32_a214294.jpg,0,train
car/scene_3_East_of_Campus_drone_000570_b3_a501878.jpg,0,train
car/scene_11_sdu_30Sec_groundView_4_000252_b5_a26994.jpg,0,train
car/scene_2_Crossroad_campus_30Sec_droneView_01_000419_b77_a341886.jpg,0,train
car/scene_1_Cortex_Park_crossroads_ground_000069_b2_a266715.jpg,0,train
car/scene_11_sdu_30Sec_droneView_4_000049_b7_a136462.jpg,0,train
car/scene_2_Crossroad_campus_30Sec_droneView_01_000375_b3_a333691.jpg,0,train
car/scene_3_East_of_Campus_drone_000341_b28_a470144.jpg,0,train
car/scene_2_Crossroad_campus_30Sec_droneView_01_000873_b2_a418551.jpg,0,train
car/scene_5_Harbour_30Sec_droneView_5_000754_b5_a8599.jpg,0,train
car/scene_10_sdu_30Sec_droneView_3_000549_b40_a605578.jpg,0,train
car/scene_1_Cortex_Park_crossroads_drone_000352_b3_a658958.jpg,0,train
car/scene_1_Cortex_Park_crossroads_ground_000695_b4_a183834.jpg,0,train
car/scene_1_Cortex_Park_crossroads_drone_000280_b5_a653776.jpg,0,train
car/scene_10_sdu_30Sec_droneView_3_000514_b33_a599376.jpg,0,train
car/scene_12_sdu_30Sec_droneView_6_000283_b4_a257856.jpg,0,train
car/scene_2_Crossroad_campus_30Sec_droneView_01_000327_b59_a325089.jpg,0,train
car/scene_3_East_of_Campus_drone_000019_b3_a425713.jpg,0,train
car/scene_4_Harbour_30Sec_droneView_1_000116_b3_a126216.jpg,0,train
car/scene_11_sdu_30Sec_droneView_4_000810_b16_a784423.jpg,0,train
car/scene_2_Crossroad_campus_30Sec_droneView_01_000604_b8_a373598.jpg,0,train
car/scene_7_Harbour_30Sec_droneView_7_000583_b0_a306833.jpg,0,train
car/scene_4_Harbour_30Sec_groundView_1_000121_b1_a272556.jpg,0,train
car/scene_10_sdu_30Sec_droneView_3_000353_b35_a570820.jpg,0,train
car/scene_2_Crossroad_campus_30Sec_droneView_01_000419_b60_a341857.jpg,0,train
car/scene_11_sdu_30Sec_droneView_4_000523_b11_a741346.jpg,0,train
car/scene_2_Crossroad_campus_30Sec_droneView_01_000583_b37_a370106.jpg,0,train
car/scene_11_sdu_30Sec_groundView_4_000614_b8_a209399.jpg,0,train
car/scene_2_Crossroad_campus_30Sec_groundView_01_000485_b4_a71067.jpg,0,train
car/scene_10_sdu_30Sec_groundView_3_000514_b0_a147207.jpg,0,train
car/scene_4_Harbour_30Sec_droneView_1_000434_b0_a696639.jpg,0,train
car/scene_7_Harbour_30Sec_droneView_7_000522_b0_a305244.jpg,0,train
car/scene_1_Cortex_Park_crossroads_ground_000029_b2_a264776.jpg,0,train
car/scene_10_sdu_30Sec_droneView_3_000228_b44_a548494.jpg,0,train
car/scene_5_Harbour_30Sec_groundView_5_000408_b0_a48756.jpg,0,train
car/scene_10_sdu_30Sec_groundView_3_000030_b5_a257195.jpg,0,train
car/scene_2_Crossroad_campus_30Sec_droneView_01_000808_b15_a407691.jpg,0,train
car/scene_2_Crossroad_campus_30Sec_droneView_01_000795_b18_a405492.jpg,0,train
car/scene_11_sdu_30Sec_groundView_4_000258_b14_a27232.jpg,0,train
car/scene_2_Crossroad_campus_30Sec_droneView_01_000132_b0_a40689.jpg,0,train
car/scene_2_Crossroad_campus_30Sec_droneView_01_000033_b24_a24592.jpg,0,train
car/scene_1_Cortex_Park_crossroads_drone_000069_b1_a117406.jpg,0,train
car/scene_4_Harbour_30Sec_groundView_1_000119_b0_a272529.jpg,0,train
car/scene_1_Cortex_Park_crossroads_drone_000403_b4_a662645.jpg,0,train
car/scene_8_sdu_30Sec_droneView_1_000073_b1_a76366.jpg,0,train
car/scene_10_sdu_30Sec_droneView_3_000641_b34_a621856.jpg,0,train
car/scene_2_Crossroad_campus_30Sec_droneView_01_000431_b23_a343987.jpg,0,train
car/scene_3_East_of_Campus_drone_000059_b6_a431393.jpg,0,train
car/scene_1_Cortex_Park_crossroads_drone_000631_b10_a679843.jpg,0,train
car/scene_11_sdu_30Sec_droneView_4_000401_b22_a723179.jpg,0,train
car/scene_5_Harbour_30Sec_droneView_5_000030_b8_a273352.jpg,0,train
car/scene_4_Harbour_30Sec_droneView_1_000793_b2_a701872.jpg,0,train
car/scene_3_East_of_Campus_drone_000791_b25_a58651.jpg,0,train
car/scene_11_sdu_30Sec_droneView_4_000884_b10_a795591.jpg,0,train
car/scene_11_sdu_30Sec_droneView_4_000211_b2_a233987.jpg,0,train
car/scene_4_Harbour_30Sec_droneView_1_000826_b1_a702333.jpg,0,train
car/scene_10_sdu_30Sec_groundView_3_000316_b11_a138555.jpg,0,train
car/scene_4_Harbour_30Sec_groundView_1_000094_b1_a272193.jpg,0,train
car/scene_10_sdu_30Sec_droneView_3_000802_b0_a208868.jpg,0,train
car/scene_10_sdu_30Sec_droneView_3_000514_b38_a599381.jpg,0,train
car/scene_11_sdu_30Sec_droneView_4_000884_b30_a795611.jpg,0,train
car/scene_11_sdu_30Sec_groundView_4_000643_b8_a210514.jpg,0,train
car/scene_1_Cortex_Park_crossroads_ground_000340_b0_a166318.jpg,0,train
car/scene_1_Cortex_Park_crossroads_drone_000436_b5_a665128.jpg,0,train
car/scene_2_Crossroad_campus_30Sec_droneView_01_000498_b19_a355882.jpg,0,train
car/scene_10_sdu_30Sec_groundView_3_000228_b4_a134732.jpg,0,train
car/scene_8_sdu_30Sec_groundView_1_000320_b2_a122581.jpg,0,train
car/scene_11_sdu_30Sec_droneView_4_000109_b9_a145748.jpg,0,validation
car/scene_10_sdu_30Sec_droneView_3_000598_b39_a614250.jpg,0,validation
car/scene_10_sdu_30Sec_droneView_3_000720_b39_a635788.jpg,0,validation
car/scene_2_Crossroad_campus_30Sec_droneView_01_000185_b45_a173398.jpg,0,validation
car/scene_11_sdu_30Sec_droneView_4_000246_b10_a239394.jpg,0,validation
car/scene_10_sdu_30Sec_groundView_3_000645_b22_a152909.jpg,0,validation
car/scene_3_East_of_Campus_drone_000485_b0_a489952.jpg,0,validation
car/scene_2_Crossroad_campus_30Sec_groundView_01_000498_b5_a71766.jpg,0,validation
car/scene_10_sdu_30Sec_groundView_3_000689_b4_a154805.jpg,0,validation
car/scene_11_sdu_30Sec_droneView_4_000371_b30_a718717.jpg,0,validation
car/scene_2_Crossroad_campus_30Sec_droneView_01_000053_b47_a27815.jpg,0,validation
car/scene_11_sdu_30Sec_droneView_4_000802_b13_a783212.jpg,0,validation
car/scene_6_Harbour_30Sec_droneView_6_000240_b2_a800237.jpg,0,validation
car/scene_2_Crossroad_campus_30Sec_groundView_01_000477_b5_a70648.jpg,0,validation
car/scene_10_sdu_30Sec_droneView_3_000298_b22_a560965.jpg,0,validation
car/scene_4_Harbour_30Sec_droneView_1_000406_b2_a696193.jpg,0,validation
car/scene_3_East_of_Campus_drone_000084_b11_a434922.jpg,0,validation
car/scene_3_East_of_Campus_drone_000191_b12_a449758.jpg,0,validation
car/scene_11_sdu_30Sec_groundView_4_000614_b20_a209412.jpg,0,validation
car/scene_3_East_of_Campus_drone_000381_b2_a475604.jpg,0,validation
car/scene_11_sdu_30Sec_groundView_4_000371_b18_a200173.jpg,0,validation
car/scene_5_Harbour_30Sec_droneView_5_000156_b0_a278801.jpg,0,validation
car/scene_3_East_of_Campus_drone_000329_b0_a468467.jpg,0,validation
car/scene_10_sdu_30Sec_droneView_3_000699_b9_a632071.jpg,0,validation
car/scene_8_sdu_30Sec_groundView_1_000091_b1_a254072.jpg,0,validation
car/scene_3_East_of_Campus_drone_000850_b5_a66509.jpg,0,validation
car/scene_11_sdu_30Sec_droneView_4_000863_b18_a792428.jpg,0,validation
car/scene_4_Harbour_30Sec_droneView_1_000016_b2_a227924.jpg,0,validation
car/scene_10_sdu_30Sec_groundView_3_000354_b9_a140205.jpg,0,validation
car/scene_4_Harbour_30Sec_groundView_1_000094_b2_a272194.jpg,0,validation
car/scene_3_East_of_Campus_drone_000791_b19_a58645.jpg,0,validation
car/scene_3_East_of_Campus_drone_000128_b13_a441082.jpg,0,validation
car/scene_11_sdu_30Sec_droneView_4_000523_b13_a741348.jpg,0,validation
car/scene_2_Crossroad_campus_30Sec_droneView_01_000419_b25_a341792.jpg,0,validation
car/scene_5_Harbour_30Sec_groundView_5_000306_b5_a47026.jpg,0,validation
car/scene_2_Crossroad_campus_30Sec_droneView_01_000726_b24_a393950.jpg,0,validation
car/scene_2_Crossroad_campus_30Sec_droneView_01_000735_b75_a395528.jpg,0,validation
car/scene_2_Crossroad_campus_30Sec_droneView_01_000725_b38_a393798.jpg,0,validation
car/scene_11_sdu_30Sec_droneView_4_000545_b10_a744624.jpg,0,validation
car/scene_3_East_of_Campus_drone_000084_b12_a434923.jpg,0,validation
car/scene_3_East_of_Campus_drone_000646_b18_a190745.jpg,0,validation
car/scene_11_sdu_30Sec_droneView_4_000228_b10_a236622.jpg,0,validation
car/scene_7_Harbour_30Sec_droneView_7_000335_b4_a300530.jpg,0,validation
car/scene_10_sdu_30Sec_groundView_3_000219_b23_a134359.jpg,0,validation
car/scene_3_East_of_Campus_drone_000614_b26_a508035.jpg,0,validation
car/scene_10_sdu_30Sec_droneView_3_000219_b6_a546845.jpg,0,validation
car/scene_11_sdu_30Sec_droneView_4_000803_b10_a783360.jpg,0,validation
car/scene_1_Cortex_Park_crossroads_drone_000581_b5_a676065.jpg,0,validation
car/scene_11_sdu_30Sec_droneView_4_000643_b17_a759313.jpg,0,validation
car/scene_11_sdu_30Sec_droneView_4_000293_b17_a706886.jpg,0,validation
car/scene_10_sdu_30Sec_groundView_3_000353_b5_a140157.jpg,0,validation
car/scene_1_Cortex_Park_crossroads_drone_000695_b2_a684828.jpg,0,validation
car/scene_2_Crossroad_campus_30Sec_droneView_01_000473_b17_a351567.jpg,0,validation
car/scene_8_sdu_30Sec_groundView_1_000292_b2_a122021.jpg,0,validation
car/scene_11_sdu_30Sec_droneView_4_000592_b13_a751677.jpg,0,validation
car/scene_2_Crossroad_campus_30Sec_droneView_01_000634_b45_a378645.jpg,0,validation
car/scene_11_sdu_30Sec_droneView_4_000261_b17_a241689.jpg,0,validation
car/scene_12_sdu_30Sec_droneView_6_000123_b5_a251268.jpg,0,validation
car/scene_2_Crossroad_campus_30Sec_droneView_01_000879_b15_a419559.jpg,0,validation
car/scene_12_sdu_30Sec_droneView_6_000423_b7_a263603.jpg,0,validation
car/scene_2_Crossroad_campus_30Sec_droneView_01_000356_b23_a330272.jpg,0,validation
car/scene_10_sdu_30Sec_droneView_3_000645_b40_a622570.jpg,0,validation
car/scene_10_sdu_30Sec_groundView_3_000678_b4_a154322.jpg,0,validation
car/scene_2_Crossroad_campus_30Sec_droneView_01_000735_b32_a395452.jpg,0,validation
car/scene_2_Crossroad_campus_30Sec_droneView_01_000726_b22_a393948.jpg,0,validation
car/scene_2_Crossroad_campus_30Sec_droneView_01_000410_b46_a340166.jpg,0,validation
car/scene_9_sdu_30Sec_groundView_2_000808_b0_a281470.jpg,0,validation
car/scene_8_sdu_30Sec_droneView_1_000477_b0_a523030.jpg,0,validation
car/scene_11_sdu_30Sec_droneView_4_000211_b30_a234015.jpg,0,validation
car/scene_2_Crossroad_campus_30Sec_droneView_01_000304_b33_a320911.jpg,0,validation
car/scene_2_Crossroad_campus_30Sec_droneView_01_000394_b9_a337183.jpg,0,validation
car/scene_10_sdu_30Sec_groundView_3_000762_b0_a157999.jpg,0,validation
car/scene_5_Harbour_30Sec_groundView_5_000711_b4_a2820.jpg,0,validation
car/scene_11_sdu_30Sec_droneView_4_000810_b15_a784422.jpg,0,validation
car/scene_7_Harbour_30Sec_droneView_7_000041_b3_a15649.jpg,0,validation
car/scene_6_Harbour_30Sec_groundView_6_000005_b1_a281560.jpg,0,validation
car/scene_10_sdu_30Sec_groundView_3_000184_b2_a132798.jpg,0,validation
car/scene_3_East_of_Campus_drone_000191_b7_a449753.jpg,0,validation
car/scene_2_Crossroad_campus_30Sec_groundView_01_000327_b5_a62672.jpg,0,validation
car/scene_11_sdu_30Sec_groundView_4_000252_b8_a26998.jpg,0,validation
car/scene_10_sdu_30Sec_groundView_3_000762_b5_a158004.jpg,0,validation
car/scene_11_sdu_30Sec_droneView_4_000228_b13_a236625.jpg,0,validation
car/scene_2_Crossroad_campus_30Sec_droneView_01_000795_b48_a405522.jpg,0,validation
car/scene_2_Crossroad_campus_30Sec_droneView_01_000498_b39_a355902.jpg,0,test
car/scene_11_sdu_30Sec_groundView_4_000802_b3_a216640.jpg,0,test
car/scene_1_Cortex_Park_crossroads_drone_000436_b0_a665118.jpg,0,test
car/scene_8_sdu_30Sec_groundView_1_000270_b5_a121584.jpg,0,test
car/scene_1_Cortex_Park_crossroads_ground_000210_b0_a160035.jpg,0,test
car/scene_10_sdu_30Sec_groundView_3_000353_b2_a140154.jpg,0,test
car/scene_11_sdu_30Sec_droneView_4_000523_b30_a741365.jpg,0,test
car/scene_10_sdu_30Sec_droneView_3_000100_b0_a99099.jpg,0,test
car/scene_10_sdu_30Sec_droneView_3_000031_b41_a86789.jpg,0,test
car/scene_6_Harbour_30Sec_droneView_6_000595_b3_a811856.jpg,0,test
car/scene_5_Harbour_30Sec_groundView_5_000781_b4_a231737.jpg,0,test
car/scene_6_Harbour_30Sec_droneView_6_000195_b3_a798737.jpg,0,test
car/scene_4_Harbour_30Sec_droneView_1_000333_b2_a694981.jpg,0,test
car/scene_3_East_of_Campus_drone_000261_b0_a459285.jpg,0,test
car/scene_11_sdu_30Sec_droneView_4_000401_b5_a723162.jpg,0,test
car/scene_2_Crossroad_campus_30Sec_droneView_01_000593_b21_a371767.jpg,0,test
car/scene_3_East_of_Campus_drone_000186_b26_a449102.jpg,0,test
car/scene_1_Cortex_Park_crossroads_drone_000157_b4_a124006.jpg,0,test
car/scene_8_sdu_30Sec_droneView_1_000098_b1_a77483.jpg,0,test
car/scene_1_Cortex_Park_crossroads_drone_000565_b6_a674866.jpg,0,test
car/scene_6_Harbour_30Sec_groundView_6_000050_b0_a282099.jpg,0,test
car/scene_3_East_of_Campus_drone_000312_b8_a466150.jpg,0,test
car/scene_12_sdu_30Sec_droneView_6_000321_b8_a259421.jpg,0,test
car/scene_11_sdu_30Sec_groundView_4_000327_b18_a198471.jpg,0,test
car/scene_10_sdu_30Sec_droneView_3_000806_b9_a209573.jpg,0,test
car/scene_11_sdu_30Sec_groundView_4_000246_b9_a26771.jpg,0,test
car/scene_11_sdu_30Sec_droneView_4_000246_b19_a239403.jpg,0,test
car/scene_1_Cortex_Park_crossroads_drone_000340_b4_a658107.jpg,0,test
car/scene_11_sdu_30Sec_groundView_4_000566_b8_a207566.jpg,0,test
car/scene_3_East_of_Campus_drone_000329_b25_a468497.jpg,0,test
car/scene_7_Harbour_30Sec_groundView_7_000363_b1_a53640.jpg,0,test
car/scene_5_Harbour_30Sec_droneView_5_000711_b1_a169671.jpg,0,test
car/scene_6_Harbour_30Sec_groundView_6_000810_b0_a27667.jpg,0,test
car/scene_2_Crossroad_campus_30Sec_droneView_01_000735_b69_a395514.jpg,0,test
car/scene_11_sdu_30Sec_droneView_4_000733_b22_a772802.jpg,0,test
car/scene_11_sdu_30Sec_droneView_4_000539_b13_a743732.jpg,0,test
car/scene_10_sdu_30Sec_droneView_3_000699_b41_a632103.jpg,0,test
car/scene_5_Harbour_30Sec_groundView_5_000657_b4_a1932.jpg,0,test
car/scene_1_Cortex_Park_crossroads_ground_000050_b2_a265803.jpg,0,test
car/scene_12_sdu_30Sec_droneView_6_000069_b5_a248972.jpg,0,test
car/scene_10_sdu_30Sec_droneView_3_000354_b11_a570974.jpg,0,test
car/scene_11_sdu_30Sec_droneView_4_000777_b15_a779439.jpg,0,test
car/scene_2_Crossroad_campus_30Sec_droneView_01_000033_b31_a24599.jpg,0,test
car/scene_2_Crossroad_campus_30Sec_groundView_01_000053_b3_a238109.jpg,0,test
car/scene_2_Crossroad_campus_30Sec_droneView_01_000524_b35_a360232.jpg,0,test
car/scene_2_Crossroad_campus_30Sec_droneView_01_000428_b22_a343437.jpg,0,test
car/scene_10_sdu_30Sec_groundView_3_000284_b8_a137162.jpg,0,test
car/scene_10_sdu_30Sec_droneView_3_000338_b32_a568135.jpg,0,test
car/scene_8_sdu_30Sec_groundView_1_000754_b1_a131085.jpg,0,test
car/scene_2_Crossroad_campus_30Sec_groundView_01_000500_b0_a71857.jpg,0,test
car/scene_10_sdu_30Sec_droneView_3_000284_b8_a558445.jpg,0,test
car/scene_11_sdu_30Sec_groundView_4_000803_b14_a216690.jpg,0,test
car/scene_2_Crossroad_campus_30Sec_droneView_01_000735_b0_a395420.jpg,0,test
car/scene_5_Harbour_30Sec_groundView_5_000767_b6_a231501.jpg,0,test
car/scene_2_Crossroad_campus_30Sec_droneView_01_000524_b74_a360303.jpg,0,test
car/scene_3_East_of_Campus_drone_000025_b22_a426589.jpg,0,test
car/scene_6_Harbour_30Sec_droneView_6_000775_b2_a817925.jpg,0,test
car/scene_2_Crossroad_campus_30Sec_droneView_01_000879_b71_a419643.jpg,0,test
car/scene_10_sdu_30Sec_droneView_3_000549_b38_a605576.jpg,0,test
car/scene_11_sdu_30Sec_groundView_4_000261_b14_a27346.jpg,0,test
car/scene_2_Crossroad_campus_30Sec_groundView_01_000879_b6_a91801.jpg,0,test
car/scene_3_East_of_Campus_drone_000341_b27_a470143.jpg,0,test
car/scene_3_East_of_Campus_drone_000329_b15_a468487.jpg,0,test
car/scene_5_Harbour_30Sec_groundView_5_000591_b5_a51812.jpg,0,test
car/scene_2_Crossroad_campus_30Sec_droneView_01_000182_b66_a172920.jpg,0,test
car/scene_10_sdu_30Sec_droneView_3_000429_b34_a584332.jpg,0,test
car/scene_3_East_of_Campus_drone_000317_b25_a466852.jpg,0,test
car/scene_10_sdu_30Sec_groundView_3_000808_b23_a16441.jpg,0,test
car/scene_2_Crossroad_campus_30Sec_droneView_01_000725_b9_a393769.jpg,0,test
car/scene_10_sdu_30Sec_droneView_3_000284_b36_a558473.jpg,0,test
car/scene_1_Cortex_Park_crossroads_drone_000577_b0_a675756.jpg,0,test
car/scene_2_Crossroad_campus_30Sec_droneView_01_000623_b70_a376864.jpg,0,test
car/scene_10_sdu_30Sec_droneView_3_000192_b13_a542019.jpg,0,test
car/scene_10_sdu_30Sec_droneView_3_000806_b8_a209572.jpg,0,test
car/scene_11_sdu_30Sec_droneView_4_000600_b15_a752879.jpg,0,test
car/scene_2_Crossroad_campus_30Sec_droneView_01_000033_b46_a24614.jpg,0,test
car/scene_2_Crossroad_campus_30Sec_droneView_01_000419_b34_a341801.jpg,0,test
car/scene_3_East_of_Campus_drone_000165_b21_a446226.jpg,0,test
car/scene_4_Harbour_30Sec_droneView_1_000725_b2_a700897.jpg,0,test
car/scene_2_Crossroad_campus_30Sec_droneView_01_000735_b15_a395435.jpg,0,test
car/scene_4_Harbour_30Sec_droneView_1_000093_b0_a125781.jpg,0,test
car/scene_3_East_of_Campus_ground_000338_b5_a106550.jpg,0,test
car/scene_4_Harbour_30Sec_droneView_1_000378_b3_a695746.jpg,0,test
van/scene_1_Cortex_Park_crossroads_ground_000594_b4_a178722.jpg,1,train
van/scene_2_Crossroad_campus_30Sec_droneView_01_000225_b20_a180485.jpg,1,train
van/scene_1_Cortex_Park_crossroads_drone_000757_b3_a689759.jpg,1,train
van/scene_2_Crossroad_campus_30Sec_droneView_01_000356_b18_a330267.jpg,1,train
van/scene_2_Crossroad_campus_30Sec_droneView_01_000182_b60_a172903.jpg,1,train
van/scene_5_Harbour_30Sec_droneView_5_000404_b3_a289647.jpg,1,train
van/scene_2_Crossroad_campus_30Sec_droneView_01_000225_b58_a180547.jpg,1,train
van/scene_1_Cortex_Park_crossroads_ground_000773_b5_a187809.jpg,1,train
van/scene_2_Crossroad_campus_30Sec_droneView_01_000587_b54_a370792.jpg,1,train
van/scene_2_Crossroad_campus_30Sec_droneView_01_000185_b58_a173411.jpg,1,train
van/scene_5_Harbour_30Sec_groundView_5_000765_b3_a231464.jpg,1,train
van/scene_5_Harbour_30Sec_groundView_5_000064_b3_a42371.jpg,1,train
van/scene_2_Crossroad_campus_30Sec_droneView_01_000552_b56_a364940.jpg,1,train
van/scene_2_Crossroad_campus_30Sec_droneView_01_000132_b41_a40730.jpg,1,train
van/scene_2_Crossroad_campus_30Sec_droneView_01_000356_b36_a330285.jpg,1,train
van/scene_2_Crossroad_campus_30Sec_droneView_01_000428_b29_a343444.jpg,1,train
van/scene_2_Crossroad_campus_30Sec_droneView_01_000182_b58_a172877.jpg,1,train
van/scene_2_Crossroad_campus_30Sec_droneView_01_000410_b56_a340198.jpg,1,train
van/scene_2_Crossroad_campus_30Sec_droneView_01_000419_b54_a341821.jpg,1,train
van/scene_3_East_of_Campus_drone_000201_b29_a451123.jpg,1,train
van/scene_5_Harbour_30Sec_droneView_5_000754_b3_a8597.jpg,1,train
van/scene_3_East_of_Campus_drone_000084_b29_a434957.jpg,1,train
van/scene_2_Crossroad_campus_30Sec_droneView_01_000327_b18_a325018.jpg,1,train
van/scene_2_Crossroad_campus_30Sec_droneView_01_000327_b29_a325029.jpg,1,train
van/scene_3_East_of_Campus_drone_000257_b28_a458792.jpg,1,train
van/scene_3_East_of_Campus_drone_000678_b29_a195073.jpg,1,train
van/scene_1_Cortex_Park_crossroads_drone_000791_b6_a692416.jpg,1,train
van/scene_3_East_of_Campus_ground_000614_b6_a119003.jpg,1,train
van/scene_2_Crossroad_campus_30Sec_droneView_01_000634_b28_a378628.jpg,1,train
van/scene_3_East_of_Campus_drone_000084_b28_a434939.jpg,1,train
van/scene_2_Crossroad_campus_30Sec_droneView_01_000500_b56_a356274.jpg,1,train
van/scene_2_Crossroad_campus_30Sec_droneView_01_000473_b30_a351580.jpg,1,train
van/scene_5_Harbour_30Sec_droneView_5_000662_b3_a167664.jpg,1,train
van/scene_3_East_of_Campus_drone_000341_b29_a470145.jpg,1,train
van/scene_2_Crossroad_campus_30Sec_droneView_01_000477_b56_a352330.jpg,1,train
van/scene_2_Crossroad_campus_30Sec_droneView_01_000304_b30_a320908.jpg,1,train
van/scene_5_Harbour_30Sec_droneView_5_000122_b3_a277308.jpg,1,train
van/scene_2_Crossroad_campus_30Sec_droneView_01_000473_b18_a351568.jpg,1,train
van/scene_5_Harbour_30Sec_groundView_5_000729_b3_a230876.jpg,1,train
van/scene_2_Crossroad_campus_30Sec_droneView_01_000725_b53_a393813.jpg,1,train
van/scene_1_Cortex_Park_crossroads_ground_000757_b5_a186996.jpg,1,train
van/scene_2_Crossroad_campus_30Sec_droneView_01_000726_b53_a393979.jpg,1,train
van/scene_1_Cortex_Park_crossroads_ground_000577_b3_a177869.jpg,1,train
van/scene_2_Crossroad_campus_30Sec_droneView_01_000033_b62_a24656.jpg,1,train
van/scene_2_Crossroad_campus_30Sec_droneView_01_000623_b29_a376792.jpg,1,train
van/scene_2_Crossroad_campus_30Sec_droneView_01_000880_b24_a419733.jpg,1,train
van/scene_1_Cortex_Park_crossroads_drone_000544_b3_a673297.jpg,1,train
van/scene_5_Harbour_30Sec_groundView_5_000458_b3_a49559.jpg,1,train
van/scene_3_East_of_Campus_drone_000570_b30_a501916.jpg,1,train
van/scene_1_Cortex_Park_crossroads_ground_000565_b4_a177270.jpg,1,train
van/scene_5_Harbour_30Sec_groundView_5_000662_b3_a2019.jpg,1,train
van/scene_2_Crossroad_campus_30Sec_droneView_01_000473_b56_a351624.jpg,1,train
van/scene_2_Crossroad_campus_30Sec_droneView_01_000307_b30_a321442.jpg,1,train
van/scene_3_East_of_Campus_ground_000777_b9_a246753.jpg,1,train
van/scene_3_East_of_Campus_drone_000485_b30_a489991.jpg,1,train
van/scene_2_Crossroad_campus_30Sec_droneView_01_000593_b54_a371800.jpg,1,train
van/scene_2_Crossroad_campus_30Sec_droneView_01_000726_b29_a393955.jpg,1,train
van/scene_1_Cortex_Park_crossroads_drone_000594_b4_a677039.jpg,1,train
van/scene_1_Cortex_Park_crossroads_ground_000791_b5_a188725.jpg,1,train
van/scene_2_Crossroad_campus_30Sec_droneView_01_000594_b56_a371983.jpg,1,train
van/scene_3_East_of_Campus_drone_000025_b25_a426609.jpg,1,train
van/scene_2_Crossroad_campus_30Sec_droneView_01_000593_b36_a371782.jpg,1,train
van/scene_1_Cortex_Park_crossroads_ground_000700_b3_a184083.jpg,1,train
van/scene_2_Crossroad_campus_30Sec_droneView_01_000735_b17_a395437.jpg,1,train
van/scene_2_Crossroad_campus_30Sec_droneView_01_000199_b39_a175869.jpg,1,train
van/scene_1_Cortex_Park_crossroads_ground_000403_b5_a169370.jpg,1,train
van/scene_5_Harbour_30Sec_groundView_5_000122_b3_a43426.jpg,1,train
van/scene_2_Crossroad_campus_30Sec_droneView_01_000419_b30_a341797.jpg,1,train
van/scene_5_Harbour_30Sec_droneView_5_000750_b3_a8433.jpg,1,train
van/scene_5_Harbour_30Sec_droneView_5_000703_b3_a169345.jpg,1,train
van/scene_3_East_of_Campus_drone_000128_b29_a441113.jpg,1,train
van/scene_5_Harbour_30Sec_droneView_5_000156_b3_a278804.jpg,1,train
van/scene_2_Crossroad_campus_30Sec_droneView_01_000477_b29_a352287.jpg,1,train
van/scene_2_Crossroad_campus_30Sec_droneView_01_000552_b30_a364901.jpg,1,train
van/scene_1_Cortex_Park_crossroads_drone_000773_b4_a691008.jpg,1,train
van/scene_2_Crossroad_campus_30Sec_droneView_01_000356_b30_a330279.jpg,1,train
van/scene_2_Crossroad_campus_30Sec_droneView_01_000587_b29_a370767.jpg,1,train
van/scene_2_Crossroad_campus_30Sec_droneView_01_000604_b28_a373618.jpg,1,train
van/scene_5_Harbour_30Sec_droneView_5_000458_b3_a291861.jpg,1,train
van/scene_2_Crossroad_campus_30Sec_droneView_01_000735_b55_a395488.jpg,1,train
van/scene_2_Crossroad_campus_30Sec_droneView_01_000634_b55_a378668.jpg,1,train
van/scene_1_Cortex_Park_crossroads_ground_000788_b3_a188567.jpg,1,train
van/scene_2_Crossroad_campus_30Sec_droneView_01_000375_b56_a333766.jpg,1,train
van/scene_2_Crossroad_campus_30Sec_droneView_01_000332_b36_a325941.jpg,1,train
van/scene_3_East_of_Campus_drone_000777_b31_a56793.jpg,1,train
van/scene_3_East_of_Campus_drone_000246_b30_a457303.jpg,1,train
van/scene_3_East_of_Campus_ground_000580_b5_a117337.jpg,1,train
van/scene_5_Harbour_30Sec_droneView_5_000030_b4_a273348.jpg,1,train
van/scene_2_Crossroad_campus_30Sec_droneView_01_000394_b56_a337252.jpg,1,train
van/scene_5_Harbour_30Sec_groundView_5_000156_b3_a44115.jpg,1,train
van/scene_3_East_of_Campus_drone_000191_b29_a449786.jpg,1,train
van/scene_1_Cortex_Park_crossroads_drone_000700_b3_a685224.jpg,1,train
van/scene_2_Crossroad_campus_30Sec_droneView_01_000033_b60_a24628.jpg,1,train
van/scene_2_Crossroad_campus_30Sec_droneView_01_000604_b17_a373607.jpg,1,train
van/scene_1_Cortex_Park_crossroads_drone_000577_b3_a675763.jpg,1,train
van/scene_3_East_of_Campus_drone_000201_b30_a451135.jpg,1,train
van/scene_5_Harbour_30Sec_droneView_5_000186_b3_a280154.jpg,1,train
van/scene_2_Crossroad_campus_30Sec_droneView_01_000498_b30_a355893.jpg,1,train
van/scene_5_Harbour_30Sec_groundView_5_000601_b3_a51988.jpg,1,train
van/scene_2_Crossroad_campus_30Sec_droneView_01_000428_b56_a343493.jpg,1,train
van/scene_5_Harbour_30Sec_droneView_5_000384_b3_a288827.jpg,1,train
van/scene_2_Crossroad_campus_30Sec_droneView_01_000590_b29_a371271.jpg,1,train
van/scene_5_Harbour_30Sec_droneView_5_000657_b3_a167459.jpg,1,train
van/scene_2_Crossroad_campus_30Sec_droneView_01_000725_b29_a393789.jpg,1,train
van/scene_1_Cortex_Park_crossroads_ground_000602_b3_a179129.jpg,1,train
van/scene_1_Cortex_Park_crossroads_ground_000585_b3_a178269.jpg,1,train
van/scene_5_Harbour_30Sec_droneView_5_000726_b60_a20454.jpg,1,train
van/scene_1_Cortex_Park_crossroads_drone_000594_b3_a677038.jpg,1,train
van/scene_3_East_of_Campus_drone_000381_b31_a475643.jpg,1,train
van/scene_5_Harbour_30Sec_groundView_5_000781_b3_a231736.jpg,1,train
van/scene_5_Harbour_30Sec_groundView_5_000375_b3_a48231.jpg,1,train
van/scene_5_Harbour_30Sec_groundView_5_000767_b3_a231498.jpg,1,train
van/scene_2_Crossroad_campus_30Sec_droneView_01_000431_b54_a344018.jpg,1,train
van/scene_3_East_of_Campus_drone_000022_b25_a426180.jpg,1,train
van/scene_3_East_of_Campus_drone_000580_b29_a503294.jpg,1,train
van/scene_1_Cortex_Park_crossroads_ground_000631_b3_a180602.jpg,1,train
van/scene_2_Crossroad_campus_30Sec_droneView_01_000477_b30_a352288.jpg,1,train
van/scene_3_East_of_Campus_drone_000321_b31_a467414.jpg,1,train
van/scene_2_Crossroad_campus_30Sec_droneView_01_000485_b54_a353694.jpg,1,train
van/scene_2_Crossroad_campus_30Sec_droneView_01_000725_b35_a393795.jpg,1,train
van/scene_1_Cortex_Park_crossroads_ground_000577_b4_a177870.jpg,1,train
van/scene_2_Crossroad_campus_30Sec_droneView_01_000583_b54_a370123.jpg,1,train
van/scene_2_Crossroad_campus_30Sec_droneView_01_000583_b30_a370099.jpg,1,train
van/scene_2_Crossroad_campus_30Sec_droneView_01_000634_b53_a378653.jpg,1,train
van/scene_5_Harbour_30Sec_groundView_5_000591_b3_a51808.jpg,1,train
van/scene_2_Crossroad_campus_30Sec_droneView_01_000394_b36_a337210.jpg,1,train
van/scene_5_Harbour_30Sec_droneView_5_000312_b3_a285815.jpg,1,train
van/scene_1_Cortex_Park_crossroads_ground_000861_b5_a21318.jpg,1,train
van/scene_1_Cortex_Park_crossroads_ground_000669_b8_a182519.jpg,1,train
van/scene_2_Crossroad_campus_30Sec_droneView_01_000132_b61_a40774.jpg,1,train
van/scene_2_Crossroad_campus_30Sec_droneView_01_000879_b49_a419593.jpg,1,train
van/scene_2_Crossroad_campus_30Sec_droneView_01_000594_b29_a371943.jpg,1,train
van/scene_1_Cortex_Park_crossroads_drone_000861_b4_a224521.jpg,1,train
van/scene_2_Crossroad_campus_30Sec_droneView_01_000593_b30_a371776.jpg,1,train
van/scene_3_East_of_Campus_drone_000317_b31_a466858.jpg,1,train
van/scene_2_Crossroad_campus_30Sec_droneView_01_000590_b36_a371278.jpg,1,train
van/scene_2_Crossroad_campus_30Sec_droneView_01_000225_b32_a180497.jpg,1,train
van/scene_2_Crossroad_campus_30Sec_droneView_01_000199_b32_a175862.jpg,1,train
van/scene_3_East_of_Campus_drone_000338_b31_a469743.jpg,1,train
van/scene_5_Harbour_30Sec_groundView_5_000025_b4_a41667.jpg,1,train
van/scene_1_Cortex_Park_crossroads_drone_000861_b3_a224520.jpg,1,train
van/scene_2_Crossroad_campus_30Sec_droneView_01_000182_b22_a172841.jpg,1,train
van/scene_1_Cortex_Park_crossroads_drone_000598_b4_a677339.jpg,1,train
van/scene_1_Cortex_Park_crossroads_ground_000883_b5_a22396.jpg,1,train
van/scene_2_Crossroad_campus_30Sec_droneView_01_000593_b29_a371775.jpg,1,train
van/scene_2_Crossroad_campus_30Sec_droneView_01_000485_b56_a353711.jpg,1,train
van/scene_2_Crossroad_campus_30Sec_droneView_01_000375_b36_a333724.jpg,1,train
van/scene_3_East_of_Campus_drone_000329_b31_a468510.jpg,1,train
van/scene_5_Harbour_30Sec_droneView_5_000726_b53_a20447.jpg,1,train
van/scene_1_Cortex_Park_crossroads_ground_000436_b5_a170987.jpg,1,train
van/scene_2_Crossroad_campus_30Sec_droneView_01_000332_b56_a325983.jpg,1,train
van/scene_1_Cortex_Park_crossroads_drone_000565_b3_a674863.jpg,1,train
van/scene_1_Cortex_Park_crossroads_drone_000788_b6_a692182.jpg,1,train
van/scene_2_Crossroad_campus_30Sec_droneView_01_000795_b54_a405540.jpg,1,train
van/scene_2_Crossroad_campus_30Sec_droneView_01_000587_b56_a370807.jpg,1,train
van/scene_2_Crossroad_campus_30Sec_droneView_01_000410_b29_a340149.jpg,1,train
van/scene_2_Crossroad_campus_30Sec_droneView_01_000473_b54_a351604.jpg,1,train
van/scene_1_Cortex_Park_crossroads_drone_000773_b6_a691012.jpg,1,train
van/scene_2_Crossroad_campus_30Sec_droneView_01_000583_b36_a370105.jpg,1,train
van/scene_3_East_of_Campus_drone_000678_b30_a195077.jpg,1,train
van/scene_2_Crossroad_campus_30Sec_droneView_01_000500_b36_a356239.jpg,1,train
van/scene_2_Crossroad_campus_30Sec_droneView_01_000808_b54_a407742.jpg,1,train
van/scene_1_Cortex_Park_crossroads_ground_000544_b3_a176222.jpg,1,train
van/scene_2_Crossroad_campus_30Sec_droneView_01_000498_b36_a355899.jpg,1,train
van/scene_2_Crossroad_campus_30Sec_droneView_01_000587_b18_a370756.jpg,1,train
van/scene_2_Crossroad_campus_30Sec_droneView_01_000604_b35_a373625.jpg,1,train
van/scene_3_East_of_Campus_drone_000739_b30_a51721.jpg,1,train
van/scene_5_Harbour_30Sec_droneView_5_000634_b3_a166516.jpg,1,train
van/scene_2_Crossroad_campus_30Sec_droneView_01_000053_b60_a27828.jpg,1,train
van/scene_2_Crossroad_campus_30Sec_droneView_01_000428_b18_a343433.jpg,1,train
van/scene_5_Harbour_30Sec_groundView_5_000703_b3_a2691.jpg,1,train
van/scene_5_Harbour_30Sec_groundView_5_000551_b3_a51088.jpg,1,train
van/scene_2_Crossroad_campus_30Sec_droneView_01_000375_b30_a333718.jpg,1,train
van/scene_5_Harbour_30Sec_groundView_5_000404_b3_a48695.jpg,1,train
van/scene_2_Crossroad_campus_30Sec_droneView_01_000524_b29_a360226.jpg,1,train
van/scene_5_Harbour_30Sec_groundView_5_000640_b3_a1623.jpg,1,train
van/scene_3_East_of_Campus_drone_000140_b28_a442751.jpg,1,train
van/scene_2_Crossroad_campus_30Sec_droneView_01_000307_b55_a321467.jpg,1,train
van/scene_1_Cortex_Park_crossroads_drone_000535_b3_a672631.jpg,1,train
van/scene_2_Crossroad_campus_30Sec_droneView_01_000431_b29_a343993.jpg,1,train
van/scene_5_Harbour_30Sec_groundView_5_000459_b3_a49575.jpg,1,train
van/scene_5_Harbour_30Sec_groundView_5_000513_b3_a50439.jpg,1,train
van/scene_2_Crossroad_campus_30Sec_droneView_01_000431_b30_a343994.jpg,1,train
van/scene_2_Crossroad_campus_30Sec_droneView_01_000428_b30_a343445.jpg,1,train
van/scene_2_Crossroad_campus_30Sec_droneView_01_000225_b38_a180503.jpg,1,train
van/scene_3_East_of_Campus_drone_000059_b27_a431414.jpg,1,train
van/scene_2_Crossroad_campus_30Sec_droneView_01_000593_b56_a371815.jpg,1,train
van/scene_1_Cortex_Park_crossroads_ground_000685_b4_a183328.jpg,1,train
van/scene_1_Cortex_Park_crossroads_ground_000585_b4_a178270.jpg,1,train
van/scene_3_East_of_Campus_drone_000338_b30_a469735.jpg,1,train
van/scene_1_Cortex_Park_crossroads_drone_000805_b4_a693514.jpg,1,train
van/scene_2_Crossroad_campus_30Sec_droneView_01_000735_b28_a395448.jpg,1,train
van/scene_2_Crossroad_campus_30Sec_droneView_01_000725_b55_a393828.jpg,1,train
van/scene_3_East_of_Campus_drone_000312_b31_a466180.jpg,1,train
van/scene_2_Crossroad_campus_30Sec_droneView_01_000873_b32_a418581.jpg,1,train
van/scene_2_Crossroad_campus_30Sec_droneView_01_000880_b25_a419734.jpg,1,train
van/scene_2_Crossroad_campus_30Sec_droneView_01_000623_b55_a376831.jpg,1,train
van/scene_2_Crossroad_campus_30Sec_droneView_01_000394_b30_a337204.jpg,1,train
van/scene_3_East_of_Campus_drone_000791_b30_a58656.jpg,1,train
van/scene_1_Cortex_Park_crossroads_drone_000805_b6_a693518.jpg,1,train
van/scene_1_Cortex_Park_crossroads_ground_000788_b5_a188569.jpg,1,train
van/scene_3_East_of_Campus_drone_000187_b29_a449250.jpg,1,train
van/scene_2_Crossroad_campus_30Sec_droneView_01_000590_b18_a371260.jpg,1,train
van/scene_3_East_of_Campus_drone_000192_b29_a449920.jpg,1,train
van/scene_2_Crossroad_campus_30Sec_droneView_01_000500_b29_a356232.jpg,1,train
van/scene_3_East_of_Campus_drone_000614_b30_a508044.jpg,1,train
van/scene_2_Crossroad_campus_30Sec_droneView_01_000485_b18_a353658.jpg,1,train
van/scene_3_East_of_Campus_drone_000191_b28_a449774.jpg,1,train
van/scene_2_Crossroad_campus_30Sec_groundView_01_000033_b4_a237238.jpg,1,train
van/scene_3_East_of_Campus_drone_000311_b30_a466035.jpg,1,train
van/scene_1_Cortex_Park_crossroads_ground_000535_b4_a175782.jpg,1,train
van/scene_5_Harbour_30Sec_groundView_5_000394_b3_a48535.jpg,1,train
van/scene_2_Crossroad_campus_30Sec_droneView_01_000182_b40_a172859.jpg,1,train
van/scene_2_Crossroad_campus_30Sec_droneView_01_000185_b60_a173437.jpg,1,train
van/scene_3_East_of_Campus_drone_000257_b27_a458783.jpg,1,train
van/scene_3_East_of_Campus_drone_000186_b29_a449116.jpg,1,train
van/scene_1_Cortex_Park_crossroads_ground_000669_b4_a182515.jpg,1,train
van/scene_5_Harbour_30Sec_droneView_5_000255_b3_a283259.jpg,1,train
van/scene_5_Harbour_30Sec_groundView_5_000255_b3_a46104.jpg,1,train
van/scene_5_Harbour_30Sec_droneView_5_000131_b3_a277704.jpg,1,train
van/scene_1_Cortex_Park_crossroads_ground_000581_b3_a178069.jpg,1,train
van/scene_1_Cortex_Park_crossroads_drone_000669_b4_a682776.jpg,1,train
van/scene_2_Crossroad_campus_30Sec_droneView_01_000623_b17_a376780.jpg,1,train
van/scene_5_Harbour_30Sec_droneView_5_000064_b4_a274778.jpg,1,train
van/scene_2_Crossroad_campus_30Sec_droneView_01_000498_b29_a355892.jpg,1,train
van/scene_2_Crossroad_campus_30Sec_droneView_01_000304_b55_a320933.jpg,1,train
van/scene_2_Crossroad_campus_30Sec_droneView_01_000053_b35_a27803.jpg,1,train
van/scene_1_Cortex_Park_crossroads_ground_000883_b3_a22394.jpg,1,train
van/scene_2_Crossroad_campus_30Sec_droneView_01_000419_b56_a341845.jpg,1,train
van/scene_3_East_of_Campus_drone_000646_b30_a190760.jpg,1,train
van/scene_2_Crossroad_campus_30Sec_droneView_01_000873_b52_a418613.jpg,1,train
van/scene_5_Harbour_30Sec_droneView_5_000408_b3_a289811.jpg,1,train
van/scene_1_Cortex_Park_crossroads_ground_000774_b5_a187859.jpg,1,train
van/scene_2_Crossroad_campus_30Sec_droneView_01_000199_b21_a175851.jpg,1,train
van/scene_2_Crossroad_campus_30Sec_droneView_01_000879_b25_a419569.jpg,1,train
van/scene_5_Harbour_30Sec_droneView_5_000724_b3_a7367.jpg,1,train
van/scene_2_Crossroad_campus_30Sec_droneView_01_000185_b22_a173375.jpg,1,train
van/scene_2_Crossroad_campus_30Sec_droneView_01_000394_b54_a337228.jpg,1,train
van/scene_7_Harbour_30Sec_droneView_7_000086_b39_a23003.jpg,1,train
van/scene_1_Cortex_Park_crossroads_drone_000805_b3_a693513.jpg,1,train
van/scene_3_East_of_Campus_drone_000791_b31_a58659.jpg,1,train
van/scene_5_Harbour_30Sec_groundView_5_000306_b3_a47022.jpg,1,train
van/scene_2_Crossroad_campus_30Sec_droneView_01_000477_b54_a352312.jpg,1,train
van/scene_3_East_of_Campus_drone_000739_b31_a51725.jpg,1,train
van/scene_2_Crossroad_campus_30Sec_droneView_01_000410_b54_a340174.jpg,1,train
van/scene_1_Cortex_Park_crossroads_drone_000700_b4_a685225.jpg,1,train
van/scene_2_Crossroad_campus_30Sec_droneView_01_000327_b54_a325054.jpg,1,train
van/scene_2_Crossroad_campus_30Sec_droneView_01_000594_b18_a371932.jpg,1,train
van/scene_5_Harbour_30Sec_groundView_5_000030_b3_a41759.jpg,1,train
van/scene_2_Crossroad_campus_30Sec_droneView_01_000410_b18_a340138.jpg,1,train
van/scene_3_East_of_Campus_drone_000311_b31_a466043.jpg,1,train
van/scene_2_Crossroad_campus_30Sec_droneView_01_000873_b14_a418563.jpg,1,train
van/scene_2_Crossroad_campus_30Sec_droneView_01_000726_b55_a393994.jpg,1,train
van/scene_2_Crossroad_campus_30Sec_droneView_01_000185_b33_a173386.jpg,1,train
van/scene_1_Cortex_Park_crossroads_drone_000788_b3_a692177.jpg,1,train
van/scene_1_Cortex_Park_crossroads_ground_000712_b6_a184687.jpg,1,train
van/scene_3_East_of_Campus_ground_000646_b7_a9538.jpg,1,train
van/scene_5_Harbour_30Sec_droneView_5_000420_b3_a290303.jpg,1,train
van/scene_2_Crossroad_campus_30Sec_droneView_01_000431_b36_a344000.jpg,1,train
van/scene_3_East_of_Campus_drone_000850_b30_a66539.jpg,1,train
van/scene_2_Crossroad_campus_30Sec_droneView_01_000593_b18_a371764.jpg,1,train
van/scene_2_Crossroad_campus_30Sec_droneView_01_000033_b42_a24610.jpg,1,train
van/scene_2_Crossroad_campus_30Sec_droneView_01_000590_b54_a371296.jpg,1,train
van/scene_3_East_of_Campus_drone_000019_b25_a425751.jpg,1,train
van/scene_2_Crossroad_campus_30Sec_droneView_01_000327_b56_a325078.jpg,1,train
van/scene_3_East_of_Campus_drone_000261_b29_a459324.jpg,1,train
van/scene_5_Harbour_30Sec_groundView_5_000190_b3_a44861.jpg,1,train
van/scene_1_Cortex_Park_crossroads_drone_000791_b3_a692411.jpg,1,train
van/scene_5_Harbour_30Sec_droneView_5_000029_b4_a273306.jpg,1,train
van/scene_1_Cortex_Park_crossroads_ground_000541_b3_a176075.jpg,1,train
van/scene_3_East_of_Campus_drone_000165_b30_a446235.jpg,1,train
van/scene_3_East_of_Campus_drone_000228_b30_a454837.jpg,1,train
van/scene_3_East_of_Campus_drone_000312_b30_a466172.jpg,1,train
van/scene_1_Cortex_Park_crossroads_drone_000883_b6_a226319.jpg,1,train
van/scene_1_Cortex_Park_crossroads_drone_000577_b4_a675764.jpg,1,train
van/scene_3_East_of_Campus_drone_000297_b30_a464158.jpg,1,train
van/scene_3_East_of_Campus_drone_000381_b30_a475635.jpg,1,train
van/scene_3_East_of_Campus_drone_000317_b32_a466866.jpg,1,train
van/scene_3_East_of_Campus_drone_000059_b28_a431432.jpg,1,train
van/scene_3_East_of_Campus_drone_000777_b30_a56790.jpg,1,train
van/scene_5_Harbour_30Sec_droneView_5_000601_b3_a297616.jpg,1,train
van/scene_2_Crossroad_campus_30Sec_droneView_01_000808_b16_a407692.jpg,1,train
van/scene_2_Crossroad_campus_30Sec_droneView_01_000879_b24_a419568.jpg,1,train
van/scene_2_Crossroad_campus_30Sec_droneView_01_000873_b25_a418574.jpg,1,train
van/scene_1_Cortex_Park_crossroads_ground_000618_b4_a179946.jpg,1,train
van/scene_1_Cortex_Park_crossroads_drone_000631_b3_a679831.jpg,1,train
van/scene_5_Harbour_30Sec_droneView_5_000190_b3_a280334.jpg,1,train
van/scene_2_Crossroad_campus_30Sec_droneView_01_000053_b62_a27856.jpg,1,train
van/scene_2_Crossroad_campus_30Sec_groundView_01_000132_b4_a241814.jpg,1,train
van/scene_1_Cortex_Park_crossroads_drone_000585_b3_a676363.jpg,1,train
van/scene_2_Crossroad_campus_30Sec_droneView_01_000199_b57_a175887.jpg,1,train
van/scene_3_East_of_Campus_drone_000252_b29_a458115.jpg,1,train
van/scene_2_Crossroad_campus_30Sec_droneView_01_000498_b56_a355934.jpg,1,train
van/scene_2_Crossroad_campus_30Sec_droneView_01_000634_b35_a378635.jpg,1,train
van/scene_1_Cortex_Park_crossroads_ground_000791_b3_a188723.jpg,1,train
van/scene_5_Harbour_30Sec_droneView_5_000777_b3_a9540.jpg,1,train
van/scene_5_Harbour_30Sec_droneView_5_000025_b4_a273138.jpg,1,train
van/scene_5_Harbour_30Sec_droneView_5_000640_b3_a166762.jpg,1,train
van/scene_2_Crossroad_campus_30Sec_droneView_01_000552_b18_a364889.jpg,1,train
van/scene_2_Crossroad_campus_30Sec_droneView_01_000634_b29_a378629.jpg,1,train
van/scene_1_Cortex_Park_crossroads_drone_000774_b6_a691090.jpg,1,train
van/scene_5_Harbour_30Sec_droneView_5_000690_b3_a168812.jpg,1,train
van/scene_2_Crossroad_campus_30Sec_droneView_01_000375_b18_a333706.jpg,1,train
van/scene_5_Harbour_30Sec_groundView_5_000726_b3_a230828.jpg,1,train
van/scene_2_Crossroad_campus_30Sec_droneView_01_000132_b23_a40712.jpg,1,train
van/scene_2_Crossroad_campus_30Sec_droneView_01_000132_b34_a40723.jpg,1,train
van/scene_3_East_of_Campus_drone_000019_b24_a425734.jpg,1,train
van/scene_1_Cortex_Park_crossroads_drone_000695_b3_a684829.jpg,1,train
van/scene_1_Cortex_Park_crossroads_ground_000805_b3_a189442.jpg,1,train
van/scene_5_Harbour_30Sec_groundView_5_000690_b3_a2483.jpg,1,train
van/scene_5_Harbour_30Sec_groundView_5_000569_b3_a51412.jpg,1,train
van/scene_5_Harbour_30Sec_droneView_5_000396_b3_a289319.jpg,1,train
van/scene_5_Harbour_30Sec_groundView_5_000186_b3_a44773.jpg,1,train
van/scene_1_Cortex_Park_crossroads_drone_000774_b4_a691086.jpg,1,train
van/scene_2_Crossroad_campus_30Sec_droneView_01_000795_b34_a405508.jpg,1,train
van/scene_5_Harbour_30Sec_groundView_5_000657_b3_a1929.jpg,1,train
van/scene_2_Crossroad_campus_30Sec_droneView_01_000623_b28_a376791.jpg,1,train
van/scene_2_Crossroad_campus_30Sec_droneView_01_000304_b37_a320915.jpg,1,train
van/scene_2_Crossroad_campus_30Sec_droneView_01_000587_b36_a370774.jpg,1,train
van/scene_1_Cortex_Park_crossroads_drone_000602_b3_a677641.jpg,1,train
van/scene_2_Crossroad_campus_30Sec_droneView_01_000583_b29_a370098.jpg,1,train
van/scene_2_Crossroad_campus_30Sec_droneView_01_000552_b54_a364925.jpg,1,train
van/scene_5_Harbour_30Sec_droneView_5_000551_b3_a295636.jpg,1,train
van/scene_2_Crossroad_campus_30Sec_droneView_01_000634_b17_a378617.jpg,1,train
van/scene_1_Cortex_Park_crossroads_ground_000774_b3_a187857.jpg,1,train
van/scene_1_Cortex_Park_crossroads_drone_000602_b4_a677642.jpg,1,train
van/scene_5_Harbour_30Sec_droneView_5_000513_b3_a294116.jpg,1,train
van/scene_3_East_of_Campus_drone_000570_b29_a501910.jpg,1,train
van/scene_3_East_of_Campus_drone_000187_b28_a449238.jpg,1,train
van/scene_3_East_of_Campus_drone_000850_b31_a66542.jpg,1,train
van/scene_1_Cortex_Park_crossroads_ground_000602_b4_a179130.jpg,1,train
van/scene_3_East_of_Campus_drone_000614_b29_a508038.jpg,1,train
van/scene_3_East_of_Campus_ground_000791_b9_a247380.jpg,1,train
van/scene_3_East_of_Campus_drone_000297_b29_a464150.jpg,1,train
van/scene_1_Cortex_Park_crossroads_ground_000695_b6_a183836.jpg,1,train
van/scene_2_Crossroad_campus_30Sec_droneView_01_000182_b33_a172852.jpg,1,train
van/scene_2_Crossroad_campus_30Sec_droneView_01_000053_b42_a27810.jpg,1,train
van/scene_3_East_of_Campus_drone_000022_b24_a426162.jpg,1,train
van/scene_2_Crossroad_campus_30Sec_droneView_01_000053_b36_a27804.jpg,1,train
van/scene_1_Cortex_Park_crossroads_ground_000581_b4_a178070.jpg,1,train
van/scene_2_Crossroad_campus_30Sec_droneView_01_000735_b29_a395449.jpg,1,train
van/scene_2_Crossroad_campus_30Sec_droneView_01_000583_b18_a370087.jpg,1,train
van/scene_2_Crossroad_campus_30Sec_droneView_01_000307_b57_a321491.jpg,1,train
van/scene_2_Crossroad_campus_30Sec_droneView_01_000880_b49_a419758.jpg,1,train
van/scene_3_East_of_Campus_drone_000321_b30_a467406.jpg,1,train
van/scene_5_Harbour_30Sec_droneView_5_000781_b3_a9704.jpg,1,train
van/scene_2_Crossroad_campus_30Sec_droneView_01_000795_b16_a405490.jpg,1,train
van/scene_2_Crossroad_campus_30Sec_droneView_01_000473_b29_a351579.jpg,1,train
van/scene_1_Cortex_Park_crossroads_drone_000695_b4_a684830.jpg,1,train
van/scene_2_Crossroad_campus_30Sec_droneView_01_000394_b29_a337203.jpg,1,train
van/scene_1_Cortex_Park_crossroads_drone_000598_b3_a677338.jpg,1,train
van/scene_1_Cortex_Park_crossroads_drone_000774_b3_a691085.jpg,1,train
van/scene_5_Harbour_30Sec_groundView_5_000754_b3_a231277.jpg,1,train
van/scene_1_Cortex_Park_crossroads_ground_000438_b5_a171085.jpg,1,train
van/scene_1_Cortex_Park_crossroads_drone_000773_b3_a691007.jpg,1,train
van/scene_2_Crossroad_campus_30Sec_droneView_01_000356_b29_a330278.jpg,1,train
van/scene_2_Crossroad_campus_30Sec_droneView_01_000394_b18_a337192.jpg,1,train
van/scene_2_Crossroad_campus_30Sec_droneView_01_000185_b34_a173387.jpg,1,train
van/scene_1_Cortex_Park_crossroads_drone_000669_b3_a682775.jpg,1,train
van/scene_1_Cortex_Park_crossroads_drone_000618_b3_a678838.jpg,1,train
van/scene_5_Harbour_30Sec_groundView_5_000216_b3_a45380.jpg,1,train
van/scene_2_Crossroad_campus_30Sec_droneView_01_000587_b30_a370768.jpg,1,train
van/scene_2_Crossroad_campus_30Sec_droneView_01_000419_b36_a341803.jpg,1,train
van/scene_5_Harbour_30Sec_groundView_5_000505_b3_a50311.jpg,1,train
van/scene_2_Crossroad_campus_30Sec_droneView_01_000795_b52_a405526.jpg,1,train
van/scene_2_Crossroad_campus_30Sec_droneView_01_000726_b28_a393954.jpg,1,train
van/scene_2_Crossroad_campus_30Sec_droneView_01_000304_b31_a320909.jpg,1,train
van/scene_2_Crossroad_campus_30Sec_droneView_01_000332_b18_a325923.jpg,1,train
van/scene_5_Harbour_30Sec_droneView_5_000459_b3_a291902.jpg,1,train
van/scene_2_Crossroad_campus_30Sec_groundView_01_000023_b4_a236808.jpg,1,train
van/scene_2_Crossroad_campus_30Sec_droneView_01_000332_b29_a325934.jpg,1,train
van/scene_2_Crossroad_campus_30Sec_droneView_01_000428_b54_a343469.jpg,1,train
van/scene_3_East_of_Campus_ground_000485_b7_a112955.jpg,1,train
van/scene_5_Harbour_30Sec_groundView_5_000029_b3_a41741.jpg,1,train
van/scene_5_Harbour_30Sec_droneView_5_000726_b3_a7449.jpg,1,train
van/scene_5_Harbour_30Sec_droneView_5_000375_b3_a288458.jpg,1,train
van/scene_1_Cortex_Park_crossroads_drone_000581_b4_a676064.jpg,1,train
van/scene_2_Crossroad_campus_30Sec_droneView_01_000500_b54_a356257.jpg,1,train
van/scene_2_Crossroad_campus_30Sec_droneView_01_000795_b28_a405502.jpg,1,train
van/scene_5_Harbour_30Sec_groundView_5_000711_b3_a2819.jpg,1,train
van/scene_5_Harbour_30Sec_droneView_5_000765_b3_a9048.jpg,1,train
van/scene_2_Crossroad_campus_30Sec_droneView_01_000879_b31_a419575.jpg,1,train
van/scene_2_Crossroad_campus_30Sec_droneView_01_000604_b55_a373658.jpg,1,train
van/scene_2_Crossroad_campus_30Sec_droneView_01_000199_b33_a175863.jpg,1,train
van/scene_3_East_of_Campus_drone_000485_b31_a489999.jpg,1,train
van/scene_3_East_of_Campus_drone_000341_b30_a470153.jpg,1,train
van/scene_1_Cortex_Park_crossroads_drone_000631_b4_a679832.jpg,1,validation
van/scene_3_East_of_Campus_drone_000128_b28_a441097.jpg,1,validation
van/scene_5_Harbour_30Sec_droneView_5_000711_b3_a169673.jpg,1,validation
van/scene_2_Crossroad_campus_30Sec_droneView_01_000477_b36_a352294.jpg,1,validation
van/scene_2_Crossroad_campus_30Sec_droneView_01_000552_b36_a364907.jpg,1,validation
van/scene_5_Harbour_30Sec_droneView_5_000362_b3_a287925.jpg,1,validation
van/scene_5_Harbour_30Sec_groundView_5_000777_b3_a231668.jpg,1,validation
van/scene_2_Crossroad_campus_30Sec_groundView_01_000007_b4_a236120.jpg,1,validation
van/scene_2_Crossroad_campus_30Sec_droneView_01_000132_b35_a40724.jpg,1,validation
van/scene_2_Crossroad_campus_30Sec_droneView_01_000873_b50_a418599.jpg,1,validation
van/scene_3_East_of_Campus_drone_000025_b24_a426591.jpg,1,validation
van/scene_2_Crossroad_campus_30Sec_droneView_01_000033_b36_a24604.jpg,1,validation
van/scene_3_East_of_Campus_drone_000115_b29_a439333.jpg,1,validation
van/scene_2_Crossroad_campus_30Sec_droneView_01_000879_b51_a419607.jpg,1,validation
van/scene_1_Cortex_Park_crossroads_drone_000685_b4_a684040.jpg,1,validation
van/scene_5_Harbour_30Sec_groundView_5_000750_b3_a231212.jpg,1,validation
van/scene_2_Crossroad_campus_30Sec_droneView_01_000477_b18_a352276.jpg,1,validation
van/scene_1_Cortex_Park_crossroads_ground_000598_b4_a178926.jpg,1,validation
van/scene_5_Harbour_30Sec_groundView_5_000396_b3_a48567.jpg,1,validation
van/scene_1_Cortex_Park_crossroads_drone_000585_b4_a676364.jpg,1,validation
van/scene_2_Crossroad_campus_30Sec_droneView_01_000410_b36_a340156.jpg,1,validation
van/scene_1_Cortex_Park_crossroads_ground_000805_b5_a189444.jpg,1,validation
van/scene_2_Crossroad_campus_30Sec_droneView_01_000428_b36_a343451.jpg,1,validation
van/scene_1_Cortex_Park_crossroads_ground_000712_b3_a184684.jpg,1,validation
van/scene_2_Crossroad_campus_30Sec_droneView_01_000307_b37_a321449.jpg,1,validation
van/scene_2_Crossroad_campus_30Sec_droneView_01_000735_b53_a395473.jpg,1,validation
van/scene_1_Cortex_Park_crossroads_ground_000631_b4_a180603.jpg,1,validation
van/scene_3_East_of_Campus_drone_000252_b30_a458123.jpg,1,validation
van/scene_1_Cortex_Park_crossroads_ground_000773_b3_a187807.jpg,1,validation
van/scene_1_Cortex_Park_crossroads_ground_000695_b3_a183833.jpg,1,validation
van/scene_5_Harbour_30Sec_groundView_5_000724_b3_a230796.jpg,1,validation
van/scene_3_East_of_Campus_drone_000246_b31_a457313.jpg,1,validation
van/scene_1_Cortex_Park_crossroads_ground_000618_b3_a179945.jpg,1,validation
van/scene_2_Crossroad_campus_30Sec_droneView_01_000879_b13_a419557.jpg,1,validation
van/scene_7_Harbour_30Sec_droneView_7_000086_b46_a23010.jpg,1,validation
van/scene_2_Crossroad_campus_30Sec_droneView_01_000199_b59_a175913.jpg,1,validation
van/scene_2_Crossroad_campus_30Sec_droneView_01_000304_b19_a320897.jpg,1,validation
van/scene_2_Crossroad_campus_30Sec_droneView_01_000583_b56_a370138.jpg,1,validation
van/scene_2_Crossroad_campus_30Sec_droneView_01_000327_b30_a325030.jpg,1,validation
van/scene_3_East_of_Campus_drone_000261_b28_a459316.jpg,1,validation
van/scene_2_Crossroad_campus_30Sec_droneView_01_000485_b30_a353670.jpg,1,validation
van/scene_1_Cortex_Park_crossroads_drone_000791_b4_a692412.jpg,1,validation
van/scene_2_Crossroad_campus_30Sec_droneView_01_000307_b31_a321443.jpg,1,validation
van/scene_3_East_of_Campus_drone_000186_b28_a449104.jpg,1,validation
van/scene_1_Cortex_Park_crossroads_drone_000685_b3_a684039.jpg,1,validation
van/scene_2_Crossroad_campus_30Sec_droneView_01_000485_b36_a353676.jpg,1,validation
van/scene_2_Crossroad_campus_30Sec_droneView_01_000375_b54_a333742.jpg,1,validation
van/scene_3_East_of_Campus_drone_000140_b29_a442767.jpg,1,validation
van/scene_5_Harbour_30Sec_groundView_5_000824_b3_a232471.jpg,1,validation
van/scene_5_Harbour_30Sec_groundView_5_000420_b3_a48951.jpg,1,validation
van/scene_2_Crossroad_campus_30Sec_droneView_01_000500_b18_a356221.jpg,1,validation
van/scene_1_Cortex_Park_crossroads_drone_000757_b6_a689764.jpg,1,validation
van/scene_1_Cortex_Park_crossroads_ground_000416_b5_a170007.jpg,1,validation
van/scene_2_Crossroad_campus_30Sec_droneView_01_000132_b59_a40748.jpg,1,validation
van/scene_5_Harbour_30Sec_groundView_5_000634_b3_a1515.jpg,1,validation
van/scene_2_Crossroad_campus_30Sec_droneView_01_000410_b30_a340150.jpg,1,validation
van/scene_3_East_of_Campus_drone_000101_b29_a437342.jpg,1,validation
van/scene_2_Crossroad_campus_30Sec_droneView_01_000880_b13_a419722.jpg,1,validation
van/scene_2_Crossroad_campus_30Sec_droneView_01_000623_b35_a376798.jpg,1,validation
van/scene_1_Cortex_Park_crossroads_drone_000788_b4_a692178.jpg,1,validation
van/scene_2_Crossroad_campus_30Sec_droneView_01_000552_b29_a364900.jpg,1,validation
van/scene_5_Harbour_30Sec_droneView_5_000505_b3_a293788.jpg,1,validation
van/scene_2_Crossroad_campus_30Sec_droneView_01_000307_b19_a321431.jpg,1,validation
van/scene_2_Crossroad_campus_30Sec_droneView_01_000182_b34_a172853.jpg,1,validation
van/scene_3_East_of_Campus_drone_000646_b29_a190756.jpg,1,validation
van/scene_2_Crossroad_campus_30Sec_droneView_01_000498_b18_a355881.jpg,1,validation
van/scene_1_Cortex_Park_crossroads_ground_000535_b3_a175781.jpg,1,validation
van/scene_2_Crossroad_campus_30Sec_droneView_01_000332_b54_a325959.jpg,1,validation
van/scene_2_Crossroad_campus_30Sec_droneView_01_000473_b36_a351586.jpg,1,validation
van/scene_1_Cortex_Park_crossroads_drone_000712_b4_a686180.jpg,1,validation
van/scene_2_Crossroad_campus_30Sec_droneView_01_000604_b29_a373619.jpg,1,validation
van/scene_5_Harbour_30Sec_groundView_5_000568_b3_a51394.jpg,1,validation
van/scene_2_Crossroad_campus_30Sec_droneView_01_000808_b52_a407728.jpg,1,validation
van/scene_5_Harbour_30Sec_droneView_5_000394_b3_a289237.jpg,1,validation
van/scene_1_Cortex_Park_crossroads_ground_000861_b3_a21316.jpg,1,validation
van/scene_2_Crossroad_campus_30Sec_droneView_01_000808_b28_a407704.jpg,1,validation
van/scene_1_Cortex_Park_crossroads_drone_000757_b4_a689760.jpg,1,validation
van/scene_2_Crossroad_campus_30Sec_droneView_01_000498_b54_a355917.jpg,1,validation
van/scene_1_Cortex_Park_crossroads_ground_000700_b6_a184086.jpg,1,validation
van/scene_3_East_of_Campus_drone_000580_b30_a503300.jpg,1,validation
van/scene_2_Crossroad_campus_30Sec_droneView_01_000623_b53_a376816.jpg,1,validation
van/scene_2_Crossroad_campus_30Sec_droneView_01_000726_b17_a393943.jpg,1,validation
van/scene_5_Harbour_30Sec_droneView_5_000568_b3_a296299.jpg,1,validation
van/scene_2_Crossroad_campus_30Sec_droneView_01_000304_b57_a320957.jpg,1,test
van/scene_7_Harbour_30Sec_droneView_7_000086_b40_a23004.jpg,1,test
van/scene_1_Cortex_Park_crossroads_ground_000594_b3_a178721.jpg,1,test
van/scene_5_Harbour_30Sec_droneView_5_000569_b3_a296338.jpg,1,test
van/scene_3_East_of_Campus_drone_000329_b30_a468502.jpg,1,test
van/scene_1_Cortex_Park_crossroads_ground_000565_b3_a177269.jpg,1,test
van/scene_2_Crossroad_campus_30Sec_droneView_01_000500_b30_a356233.jpg,1,test
van/scene_7_Harbour_30Sec_droneView_7_000086_b27_a22991.jpg,1,test
van/scene_2_Crossroad_campus_30Sec_droneView_01_000431_b18_a343982.jpg,1,test
van/scene_1_Cortex_Park_crossroads_ground_000685_b7_a183331.jpg,1,test
van/scene_3_East_of_Campus_ground_000739_b9_a245038.jpg,1,test
van/scene_2_Crossroad_campus_30Sec_droneView_01_000808_b34_a407710.jpg,1,test
van/scene_5_Harbour_30Sec_droneView_5_000591_b3_a297206.jpg,1,test
van/scene_5_Harbour_30Sec_groundView_5_000312_b3_a47130.jpg,1,test
van/scene_5_Harbour_30Sec_droneView_5_000216_b3_a281504.jpg,1,test
van/scene_2_Crossroad_campus_30Sec_droneView_01_000327_b36_a325036.jpg,1,test
van/scene_5_Harbour_30Sec_groundView_5_000131_b3_a43597.jpg,1,test
van/scene_1_Cortex_Park_crossroads_drone_000861_b6_a224525.jpg,1,test
van/scene_2_Crossroad_campus_30Sec_droneView_01_000594_b54_a371968.jpg,1,test
van/scene_5_Harbour_30Sec_droneView_5_000726_b41_a20435.jpg,1,test
van/scene_2_Crossroad_campus_30Sec_droneView_01_000419_b29_a341796.jpg,1,test
van/scene_3_East_of_Campus_ground_000678_b6_a11080.jpg,1,test
van/scene_5_Harbour_30Sec_droneView_5_000729_b3_a7572.jpg,1,test
van/scene_2_Crossroad_campus_30Sec_droneView_01_000726_b35_a393961.jpg,1,test
van/scene_2_Crossroad_campus_30Sec_droneView_01_000033_b23_a24591.jpg,1,test
van/scene_2_Crossroad_campus_30Sec_droneView_01_000594_b30_a371944.jpg,1,test
van/scene_2_Crossroad_campus_30Sec_droneView_01_000808_b27_a407703.jpg,1,test
van/scene_2_Crossroad_campus_30Sec_droneView_01_000880_b51_a419772.jpg,1,test
van/scene_2_Crossroad_campus_30Sec_droneView_01_000735_b35_a395455.jpg,1,test
van/scene_1_Cortex_Park_crossroads_ground_000598_b3_a178925.jpg,1,test
van/scene_2_Crossroad_campus_30Sec_droneView_01_000604_b53_a373643.jpg,1,test
van/scene_2_Crossroad_campus_30Sec_droneView_01_000053_b23_a27791.jpg,1,test
van/scene_5_Harbour_30Sec_groundView_5_000362_b3_a48023.jpg,1,test
van/scene_5_Harbour_30Sec_groundView_5_000408_b3_a48759.jpg,1,test
van/scene_2_Crossroad_campus_30Sec_droneView_01_000225_b31_a180496.jpg,1,test
van/scene_1_Cortex_Park_crossroads_drone_000541_b3_a673075.jpg,1,test
van/scene_5_Harbour_30Sec_droneView_5_000824_b3_a11467.jpg,1,test
van/scene_2_Crossroad_campus_30Sec_droneView_01_000185_b40_a173393.jpg,1,test
van/scene_2_Crossroad_campus_30Sec_droneView_01_000225_b56_a180521.jpg,1,test
van/scene_2_Crossroad_campus_30Sec_droneView_01_000725_b28_a393788.jpg,1,test
van/scene_2_Crossroad_campus_30Sec_droneView_01_000880_b31_a419740.jpg,1,test
van/scene_1_Cortex_Park_crossroads_drone_000618_b4_a678839.jpg,1,test
van/scene_5_Harbour_30Sec_droneView_5_000306_b3_a285551.jpg,1,test
van/scene_2_Crossroad_campus_30Sec_droneView_01_000375_b29_a333717.jpg,1,test
van/scene_2_Crossroad_campus_30Sec_droneView_01_000524_b30_a360227.jpg,1,test
van/scene_5_Harbour_30Sec_droneView_5_000767_b3_a9130.jpg,1,test
van/scene_2_Crossroad_campus_30Sec_droneView_01_000590_b56_a371311.jpg,1,test
van/scene_1_Cortex_Park_crossroads_ground_000541_b4_a176076.jpg,1,test
van/scene_2_Crossroad_campus_30Sec_droneView_01_000524_b18_a360215.jpg,1,test
van/scene_2_Crossroad_campus_30Sec_droneView_01_000356_b56_a330327.jpg,1,test
van/scene_1_Cortex_Park_crossroads_drone_000712_b6_a686184.jpg,1,test
van/scene_5_Harbour_30Sec_droneView_5_000001_b5_a272124.jpg,1,test
van/scene_2_Crossroad_campus_30Sec_droneView_01_000725_b17_a393777.jpg,1,test
van/scene_3_East_of_Campus_drone_000101_b30_a437360.jpg,1,test
van/scene_3_East_of_Campus_drone_000115_b28_a439315.jpg,1,test
van/scene_5_Harbour_30Sec_droneView_5_000726_b54_a20448.jpg,1,test
van/scene_5_Harbour_30Sec_groundView_5_000001_b4_a41226.jpg,1,test
van/scene_5_Harbour_30Sec_groundView_5_000384_b3_a48375.jpg,1,test
van/scene_2_Crossroad_campus_30Sec_droneView_01_000590_b30_a371272.jpg,1,test
van/scene_1_Cortex_Park_crossroads_drone_000883_b3_a226314.jpg,1,test
van/scene_2_Crossroad_campus_30Sec_droneView_01_000524_b36_a360233.jpg,1,test
van/scene_2_Crossroad_campus_30Sec_droneView_01_000524_b54_a360251.jpg,1,test
van/scene_3_East_of_Campus_drone_000192_b28_a449908.jpg,1,test
van/scene_2_Crossroad_campus_30Sec_droneView_01_000332_b30_a325935.jpg,1,test
van/scene_1_Cortex_Park_crossroads_ground_000544_b4_a176223.jpg,1,test
van/scene_2_Crossroad_campus_30Sec_droneView_01_000795_b27_a405501.jpg,1,test
van/scene_3_East_of_Campus_drone_000165_b31_a446249.jpg,1,test
van/scene_2_Crossroad_campus_30Sec_droneView_01_000485_b29_a353669.jpg,1,test
van/scene_1_Cortex_Park_crossroads_drone_000581_b3_a676063.jpg,1,test
van/scene_1_Cortex_Park_crossroads_drone_000712_b3_a686179.jpg,1,test
van/scene_2_Crossroad_campus_30Sec_groundView_01_000053_b4_a238110.jpg,1,test
van/scene_1_Cortex_Park_crossroads_drone_000883_b4_a226315.jpg,1,test
van/scene_1_Cortex_Park_crossroads_drone_000565_b4_a674864.jpg,1,test
van/scene_2_Crossroad_campus_30Sec_droneView_01_000356_b54_a330303.jpg,1,test
van/scene_3_East_of_Campus_drone_000228_b31_a454847.jpg,1,test
van/scene_2_Crossroad_campus_30Sec_droneView_01_000524_b56_a360267.jpg,1,test
van/scene_1_Cortex_Park_crossroads_ground_000757_b3_a186994.jpg,1,test
van/scene_2_Crossroad_campus_30Sec_droneView_01_000594_b36_a371950.jpg,1,test
van/scene_3_East_of_Campus_ground_000570_b5_a116865.jpg,1,test
van/scene_2_Crossroad_campus_30Sec_droneView_01_000431_b56_a344042.jpg,1,test
van/scene_2_Crossroad_campus_30Sec_droneView_01_000873_b26_a418575.jpg,1,test
van/scene_2_Crossroad_campus_30Sec_droneView_01_000033_b35_a24603.jpg,1,test
van/scene_2_Crossroad_campus_30Sec_droneView_01_000419_b18_a341785.jpg,1,test
